ticket_sale_id,ticket_customer_id,match_id,match_type,purchased_at,ticket_type,quantity,unit_price_nok,sales_channel,status
TS-0000001,71000476,1526992464,away,2024-07-08T03:37:00Z,adult,2,360,app,completed
TS-0000002,71006732,1526992464,away,2024-08-09T05:28:00Z,youth,2,200,box_office,completed
TS-0000003,71000340,1526992464,away,2024-10-01T03:17:00Z,youth,1,200,web,completed
TS-0000004,71000306,1526992464,away,2024-09-13T11:43:00Z,adult,1,360,web,completed
TS-0000005,71006307,1526992464,away,2024-06-27T02:24:00Z,student,2,250,app,cancelled
TS-0000006,71006460,1526992464,away,2024-08-21T07:05:00Z,student,2,250,app,completed
TS-0000007,71002975,1526992464,away,2024-08-23T04:11:00Z,adult,1,360,web,completed
TS-0000008,71005644,1526992464,away,2024-06-29T16:09:00Z,student,1,250,web,completed
TS-0000009,71006205,1526992464,away,2024-06-16T20:56:00Z,student,1,250,web,cancelled
TS-0000010,71005661,1526992464,away,2024-09-30T19:59:00Z,student,1,250,web,completed
TS-0000011,71000799,1526992464,away,2024-08-24T17:57:00Z,adult,1,360,web,completed
TS-0000012,71007055,1526992464,away,2024-07-04T19:56:00Z,adult,3,360,app,completed
TS-0000013,71000289,1526992464,away,2024-09-26T06:46:00Z,youth,2,200,web,completed
TS-0000014,71000850,1526992464,away,2024-09-30T18:04:00Z,adult,2,360,web,completed
TS-0000015,71004403,1526992464,away,2024-10-02T16:01:00Z,student,3,250,web,completed
TS-0000016,71002261,1526992464,away,2024-10-02T06:49:00Z,adult,1,360,web,cancelled
TS-0000017,71004845,1526992464,away,2024-10-01T14:00:00Z,child,4,140,web,completed
TS-0000018,71006613,1526992464,away,2024-08-23T12:48:00Z,adult,2,360,web,completed
TS-0000019,71005593,1526992464,away,2024-06-18T16:04:00Z,youth,1,200,app,completed
TS-0000020,71002142,1526992464,away,2024-07-28T03:39:00Z,adult,1,360,web,completed
TS-0000021,71003502,1526992464,away,2024-08-31T18:05:00Z,adult,1,360,app,completed
TS-0000022,71000000,1526992464,away,2024-10-01T13:57:00Z,child,2,140,web,completed
TS-0000023,71006545,1526992464,away,2024-08-11T06:50:00Z,youth,1,200,app,completed
TS-0000024,71003009,1526992464,away,2024-06-19T00:55:00Z,adult,2,360,app,completed
TS-0000025,71004675,1526992464,away,2024-07-01T10:07:00Z,student,3,250,web,completed
TS-0000026,71002414,1526992464,away,2024-10-01T04:39:00Z,adult,2,360,web,completed
TS-0000027,71002363,1526992464,away,2024-10-01T14:12:00Z,adult,1,360,web,completed
TS-0000028,71005695,1526992464,away,2024-07-30T17:48:00Z,child,2,140,web,completed
TS-0000029,71003366,1526992464,away,2024-07-10T17:47:00Z,adult,2,360,box_office,completed
TS-0000030,71005440,1526992464,away,2024-10-02T11:09:00Z,adult,1,360,web,completed
TS-0000031,71002295,1526992464,away,2024-08-07T21:40:00Z,student,4,250,web,completed
TS-0000032,71005899,1526992464,away,2024-07-20T15:49:00Z,student,1,250,app,completed
TS-0000033,71000238,1526992464,away,2024-09-23T16:46:00Z,adult,1,360,box_office,completed
TS-0000034,71003162,1526992464,away,2024-06-30T02:31:00Z,student,1,250,app,completed
TS-0000035,71003859,1526992464,away,2024-08-07T10:34:00Z,adult,1,360,web,completed
TS-0000036,71004267,1526992464,away,2024-07-05T03:26:00Z,student,1,250,app,completed
TS-0000037,71006273,1526992464,away,2024-08-24T19:56:00Z,youth,2,200,app,completed
TS-0000038,71003893,1526992464,away,2024-10-02T21:50:00Z,adult,1,360,box_office,completed
TS-0000039,71001921,1526992464,away,2024-09-07T22:11:00Z,adult,2,360,app,completed
TS-0000040,71001700,1526992464,away,2024-09-13T04:19:00Z,student,2,250,web,completed
TS-0000041,71000119,1526992464,away,2024-06-18T01:42:00Z,adult,4,360,app,completed
TS-0000042,71006188,1526992464,away,2024-10-02T05:19:00Z,student,1,250,web,completed
TS-0000043,71002822,1526992464,away,2024-09-11T16:16:00Z,student,1,250,box_office,completed
TS-0000044,71002907,1526992464,away,2024-08-25T17:24:00Z,adult,1,360,app,completed
TS-0000045,71000986,1526992464,away,2024-09-08T09:25:00Z,child,2,140,web,completed
TS-0000046,71003417,1526992464,away,2024-10-01T03:49:00Z,student,2,250,web,refunded
TS-0000047,71006035,1526992464,away,2024-07-18T17:57:00Z,child,2,140,web,completed
TS-0000048,71007072,1526992464,away,2024-06-29T19:45:00Z,adult,4,360,app,cancelled
TS-0000049,71000425,1526992464,away,2024-09-22T11:08:00Z,youth,1,200,web,completed
TS-0000050,71001360,1526992464,away,2024-08-18T19:41:00Z,student,3,250,app,completed
TS-0000051,71005916,1526992464,away,2024-06-28T19:53:00Z,youth,2,200,web,completed
TS-0000052,71004998,1526992464,away,2024-08-23T21:04:00Z,adult,1,360,web,completed
TS-0000053,71005763,1526992464,away,2024-07-04T22:47:00Z,youth,1,200,web,refunded
TS-0000054,71004420,1526992464,away,2024-10-03T02:37:00Z,youth,2,200,web,completed
TS-0000055,71007106,1526992464,away,2024-09-06T00:02:00Z,student,3,250,web,completed
TS-0000056,71005219,1526992464,away,2024-10-03T01:01:00Z,adult,2,360,web,completed
TS-0000057,71001139,1526992464,away,2024-08-30T18:31:00Z,student,1,250,web,completed
TS-0000058,71002669,1526992464,away,2024-10-01T14:32:00Z,adult,2,360,web,completed
TS-0000059,71004573,1526992464,away,2024-10-02T07:12:00Z,adult,2,360,app,completed
TS-0000060,71001105,1526992464,away,2024-08-03T02:12:00Z,youth,1,200,web,completed
TS-0000061,71004607,1526992464,away,2024-08-19T21:40:00Z,child,1,140,web,completed
TS-0000062,71002074,1526992464,away,2024-06-25T13:48:00Z,child,2,140,app,completed
TS-0000063,71006341,1526992464,away,2024-09-30T22:02:00Z,adult,1,360,app,completed
TS-0000064,71002465,1526992464,away,2024-09-20T06:18:00Z,adult,1,360,web,completed
TS-0000065,71007140,1526992464,away,2024-08-22T02:04:00Z,adult,1,360,web,completed
TS-0000066,71000221,1526992464,away,2024-08-07T10:13:00Z,adult,2,360,app,completed
TS-0000067,71000255,1526992464,away,2024-10-03T08:18:00Z,adult,2,360,app,refunded
TS-0000068,71006052,1526992464,away,2024-07-31T21:27:00Z,child,1,140,app,completed
TS-0000069,71006103,1526992464,away,2024-08-03T17:55:00Z,adult,4,360,web,completed
TS-0000070,71001156,1526992464,away,2024-08-04T01:51:00Z,adult,1,360,web,completed
TS-0000071,71005678,1526992464,away,2024-06-29T19:57:00Z,youth,1,200,box_office,completed
TS-0000072,71001088,1526992464,away,2024-09-11T16:52:00Z,student,1,250,app,completed
TS-0000073,71003111,1526992464,away,2024-06-18T06:31:00Z,student,2,250,app,completed
TS-0000074,71006987,1526992464,away,2024-09-27T05:19:00Z,youth,1,200,web,completed
TS-0000075,71005151,1526992464,away,2024-09-07T06:46:00Z,adult,1,360,web,completed
TS-0000076,71004182,1526992464,away,2024-10-01T18:14:00Z,youth,1,200,app,completed
TS-0000077,71001496,1526992464,away,2024-10-01T12:18:00Z,youth,1,200,app,completed
TS-0000078,71000527,1526992464,away,2024-08-22T06:45:00Z,adult,1,360,web,completed
TS-0000079,71005372,1526992464,away,2024-10-02T21:07:00Z,student,2,250,app,completed
TS-0000080,71003213,1526992464,away,2024-06-16T22:10:00Z,adult,2,360,web,completed
TS-0000081,71004471,1526992464,away,2024-07-06T23:10:00Z,adult,1,360,app,completed
TS-0000082,71000765,1526992464,away,2024-06-11T08:15:00Z,youth,1,200,app,completed
TS-0000083,71003927,1526992464,away,2024-07-30T13:36:00Z,adult,1,360,app,completed
TS-0000084,71001479,1526992464,away,2024-07-27T08:49:00Z,youth,2,200,box_office,completed
TS-0000085,71003723,1526992464,away,2024-09-12T20:37:00Z,student,3,250,web,completed
TS-0000086,71006681,1526992464,away,2024-09-17T10:56:00Z,student,2,250,app,completed
TS-0000087,71004097,1526992464,away,2024-09-13T23:21:00Z,adult,2,360,web,completed
TS-0000088,71005423,1526992464,away,2024-08-27T19:39:00Z,adult,1,360,app,completed
TS-0000089,71001224,1526992464,away,2024-06-28T10:33:00Z,adult,1,360,app,cancelled
TS-0000090,71001717,1526992464,away,2024-10-02T12:20:00Z,child,4,140,box_office,completed
TS-0000091,71001836,1526992464,away,2024-06-19T14:47:00Z,youth,1,200,app,refunded
TS-0000092,71001938,1526992464,away,2024-09-11T06:51:00Z,adult,1,360,app,completed
TS-0000093,71004335,1526992464,away,2024-07-04T07:10:00Z,adult,2,360,app,completed
TS-0000094,71004879,1526992464,away,2024-10-03T02:58:00Z,adult,1,360,web,completed
TS-0000095,71005491,1526992464,away,2024-10-02T01:30:00Z,child,2,140,box_office,completed
TS-0000096,71005508,1526992464,away,2024-07-18T19:18:00Z,adult,1,360,box_office,completed
TS-0000097,71001462,1526992464,away,2024-07-11T21:28:00Z,adult,1,360,web,completed
TS-0000098,71006511,1526992464,away,2024-10-01T13:15:00Z,adult,3,360,web,completed
TS-0000099,71001819,1526992464,away,2024-10-02T12:15:00Z,adult,3,360,web,completed
TS-0000100,71002635,1526992464,away,2024-08-02T00:54:00Z,youth,4,200,web,completed
TS-0000101,71000408,1526992464,away,2024-09-23T16:41:00Z,adult,4,360,web,completed
TS-0000102,71004913,1526992464,away,2024-07-31T04:40:00Z,adult,3,360,web,completed
TS-0000103,71005695,178578,home,2024-11-29T02:13:00Z,adult,3,420,web,completed
TS-0000104,71005899,178578,home,2024-12-29T11:44:00Z,youth,1,240,web,refunded
TS-0000105,71006681,178578,home,2025-01-07T17:25:00Z,child,2,160,app,completed
TS-0000106,71004760,178578,home,2024-11-24T19:15:00Z,adult,1,420,app,completed
TS-0000107,71005100,178578,home,2025-03-04T07:58:00Z,youth,2,240,app,completed
TS-0000108,71006885,178578,home,2025-03-06T00:05:00Z,student,2,290,web,completed
TS-0000109,71002754,178578,home,2024-11-22T23:05:00Z,adult,2,420,app,completed
TS-0000110,71000425,178578,home,2025-01-28T10:14:00Z,youth,1,240,app,completed
TS-0000111,71004216,178578,home,2025-02-17T22:47:00Z,adult,3,420,web,completed
TS-0000112,71004114,178578,home,2025-01-16T11:41:00Z,adult,3,420,web,completed
TS-0000113,71004522,178578,home,2025-01-29T09:27:00Z,student,1,290,web,completed
TS-0000114,71002958,178578,home,2025-03-05T06:02:00Z,adult,1,420,app,completed
TS-0000115,71006970,178578,home,2025-02-16T20:12:00Z,adult,1,420,web,completed
TS-0000116,71002516,178578,home,2024-11-21T19:01:00Z,student,1,290,web,completed
TS-0000117,71001785,178578,home,2025-02-14T01:16:00Z,student,2,290,web,completed
TS-0000118,71003196,178578,home,2025-03-05T10:08:00Z,youth,1,240,app,completed
TS-0000119,71007123,178578,home,2024-12-18T00:14:00Z,student,2,290,web,completed
TS-0000120,71003859,178578,home,2025-03-04T08:58:00Z,adult,1,420,app,completed
TS-0000121,71000935,178578,home,2025-02-14T17:02:00Z,adult,1,420,web,completed
TS-0000122,71001462,178578,home,2025-03-04T14:12:00Z,youth,1,240,web,completed
TS-0000123,71003485,178578,home,2024-12-02T00:44:00Z,adult,3,420,web,completed
TS-0000124,71001241,178578,home,2025-03-05T22:20:00Z,child,2,160,web,completed
TS-0000125,71004199,178578,home,2024-11-07T02:06:00Z,youth,3,240,app,completed
TS-0000126,71001564,178578,home,2025-03-04T00:32:00Z,adult,2,420,web,completed
TS-0000127,71005338,178578,home,2025-01-16T12:55:00Z,student,2,290,box_office,completed
TS-0000128,71003502,178578,home,2025-03-06T07:12:00Z,adult,2,420,web,completed
TS-0000129,71005593,178578,home,2024-11-21T07:19:00Z,adult,2,420,box_office,completed
TS-0000130,71005015,178578,home,2025-03-05T03:39:00Z,adult,3,420,web,completed
TS-0000131,71005355,178578,home,2025-02-20T05:20:00Z,student,2,290,box_office,completed
TS-0000132,71002584,178578,home,2024-11-09T14:15:00Z,adult,1,420,web,refunded
TS-0000133,71000901,178578,home,2025-02-21T10:31:00Z,adult,1,420,web,completed
TS-0000134,71005729,178578,home,2025-02-09T12:59:00Z,adult,2,420,app,completed
TS-0000135,71007191,178578,home,2025-02-01T10:59:00Z,adult,1,420,web,completed
TS-0000136,71002125,178578,home,2025-03-04T02:25:00Z,adult,2,420,web,completed
TS-0000137,71005967,178578,home,2025-03-05T05:28:00Z,adult,1,420,app,completed
TS-0000138,71000782,178578,home,2025-03-06T14:32:00Z,adult,1,420,web,completed
TS-0000139,71006409,178578,home,2024-12-01T09:13:00Z,adult,2,420,app,completed
TS-0000140,71006205,178578,home,2025-02-25T10:49:00Z,child,2,160,app,completed
TS-0000141,71000289,178578,home,2025-01-10T02:57:00Z,adult,2,420,box_office,completed
TS-0000142,71003400,178578,home,2025-03-04T11:15:00Z,student,3,290,web,completed
TS-0000143,71004539,178578,home,2025-02-17T15:11:00Z,child,2,160,web,completed
TS-0000144,71004471,178578,home,2024-12-04T15:06:00Z,adult,4,420,app,completed
TS-0000145,71005814,178578,home,2025-03-05T10:10:00Z,adult,2,420,web,completed
TS-0000146,71006069,178578,home,2025-02-25T00:55:00Z,youth,3,240,web,completed
TS-0000147,71003434,178578,home,2024-11-14T11:23:00Z,student,1,290,box_office,completed
TS-0000148,71000510,178578,home,2025-01-20T00:32:00Z,student,1,290,web,completed
TS-0000149,71006732,178578,home,2025-02-14T18:26:00Z,child,3,160,web,completed
TS-0000150,71001445,178578,home,2025-03-05T07:58:00Z,adult,1,420,web,completed
TS-0000151,71006902,178578,home,2025-01-14T12:32:00Z,adult,1,420,web,completed
TS-0000152,71005440,178578,home,2025-03-04T10:04:00Z,adult,1,420,app,completed
TS-0000153,71006562,178578,home,2025-01-11T04:11:00Z,adult,2,420,app,completed
TS-0000154,71001938,178578,home,2025-01-20T04:58:00Z,adult,1,420,app,completed
TS-0000155,71006443,178578,home,2025-02-22T11:57:00Z,youth,1,240,app,completed
TS-0000156,71006392,178578,home,2024-12-19T06:55:00Z,adult,4,420,app,completed
TS-0000157,71002023,178578,home,2025-02-02T01:35:00Z,student,2,290,web,completed
TS-0000158,71003587,178578,home,2024-11-23T19:07:00Z,adult,2,420,web,completed
TS-0000159,71004930,178578,home,2025-02-07T09:40:00Z,youth,1,240,box_office,completed
TS-0000160,71002839,178578,home,2025-01-09T18:07:00Z,child,3,160,app,completed
TS-0000161,71007004,178578,home,2025-02-27T04:07:00Z,adult,1,420,web,completed
TS-0000162,71006001,178578,home,2025-01-13T19:23:00Z,adult,2,420,web,completed
TS-0000163,71001258,178578,home,2025-01-13T18:42:00Z,adult,2,420,web,completed
TS-0000164,71002006,178578,home,2025-03-04T02:11:00Z,adult,2,420,app,completed
TS-0000165,71000646,178578,home,2025-01-28T06:02:00Z,adult,1,420,web,completed
TS-0000166,71001496,178578,home,2024-11-30T18:35:00Z,student,2,290,app,completed
TS-0000167,71003706,178578,home,2025-03-03T23:23:00Z,student,2,290,app,completed
TS-0000168,71003740,178578,home,2025-03-04T19:48:00Z,adult,1,420,web,completed
TS-0000169,71002176,178578,home,2025-03-06T13:08:00Z,adult,2,420,box_office,completed
TS-0000170,71005287,178578,home,2024-12-20T12:17:00Z,youth,1,240,box_office,completed
TS-0000171,71003060,178578,home,2024-11-30T02:57:00Z,adult,1,420,web,completed
TS-0000172,71007038,178578,home,2025-03-04T22:28:00Z,adult,1,420,app,completed
TS-0000173,71003111,178578,home,2024-12-21T09:02:00Z,child,2,160,web,refunded
TS-0000174,71000663,178578,home,2024-11-20T03:37:00Z,adult,2,420,web,completed
TS-0000175,71000595,178578,home,2025-03-05T06:25:00Z,youth,1,240,box_office,completed
TS-0000176,71007174,178578,home,2025-03-06T02:37:00Z,adult,2,420,box_office,completed
TS-0000177,71000680,178578,home,2025-03-04T13:40:00Z,child,2,160,web,completed
TS-0000178,71006426,178578,home,2024-12-13T22:51:00Z,youth,1,240,app,completed
TS-0000179,71001615,178578,home,2025-01-30T06:34:00Z,adult,1,420,web,cancelled
TS-0000180,71006953,178578,home,2024-12-23T22:36:00Z,youth,1,240,app,completed
TS-0000181,71006613,178578,home,2024-12-05T10:50:00Z,adult,2,420,web,completed
TS-0000182,71005032,178578,home,2024-11-21T14:46:00Z,youth,1,240,box_office,completed
TS-0000183,71002380,178578,home,2024-12-29T17:01:00Z,adult,1,420,app,completed
TS-0000184,71001309,178578,home,2024-11-18T21:56:00Z,adult,2,420,box_office,completed
TS-0000185,71003077,178578,home,2024-12-15T03:12:00Z,adult,2,420,web,completed
TS-0000186,71005083,178578,home,2024-11-21T18:16:00Z,student,2,290,web,completed
TS-0000187,71004148,178578,home,2025-03-03T23:05:00Z,adult,1,420,app,completed
TS-0000188,71006035,178578,home,2025-01-10T22:08:00Z,adult,1,420,web,completed
TS-0000189,71004658,178578,home,2025-03-04T08:20:00Z,student,1,290,web,completed
TS-0000190,71005202,178578,home,2025-01-30T20:08:00Z,student,1,290,app,cancelled
TS-0000191,71002142,178578,home,2025-01-28T05:19:00Z,adult,1,420,web,completed
TS-0000192,71002227,178578,home,2025-03-03T12:56:00Z,adult,1,420,web,completed
TS-0000193,71002992,178578,home,2024-11-27T02:16:00Z,adult,2,420,web,completed
TS-0000194,71006715,178578,home,2025-01-20T02:08:00Z,adult,1,420,app,completed
TS-0000195,71003179,178578,home,2025-03-04T10:09:00Z,adult,1,420,web,completed
TS-0000196,71004505,178578,home,2025-03-04T01:33:00Z,child,1,160,box_office,completed
TS-0000197,71001156,178578,home,2024-12-24T03:20:00Z,student,4,290,app,completed
TS-0000198,71006307,178578,home,2025-02-05T18:29:00Z,student,3,290,app,completed
TS-0000199,71006171,178578,home,2025-03-06T07:23:00Z,student,1,290,app,completed
TS-0000200,71005117,178578,home,2024-11-17T08:05:00Z,adult,4,420,web,completed
TS-0000201,71005763,178578,home,2025-03-04T11:43:00Z,youth,1,240,web,completed
TS-0000202,71002907,178578,home,2024-11-10T13:25:00Z,student,3,290,app,completed
TS-0000203,71004828,178578,home,2024-11-22T03:55:00Z,child,1,160,web,completed
TS-0000204,71006545,178578,home,2025-03-05T14:52:00Z,youth,3,240,web,completed
TS-0000205,71001122,178578,home,2024-12-05T12:43:00Z,adult,2,420,web,completed
TS-0000206,71006103,178578,home,2025-03-06T02:00:00Z,student,1,290,web,completed
TS-0000207,71001513,178578,home,2024-11-13T14:01:00Z,adult,1,420,web,completed
TS-0000208,71001683,178578,home,2025-01-25T21:24:00Z,youth,2,240,web,completed
TS-0000209,71006018,178578,home,2024-12-14T08:10:00Z,adult,3,420,app,completed
TS-0000210,71002210,178578,home,2025-02-16T04:37:00Z,adult,1,420,web,completed
TS-0000211,71001887,178578,home,2024-12-11T11:24:00Z,adult,2,420,web,completed
TS-0000212,71000034,178578,home,2024-12-07T04:39:00Z,adult,1,420,app,completed
TS-0000213,71000748,178578,home,2025-02-13T14:55:00Z,adult,3,420,app,completed
TS-0000214,71004267,178578,home,2025-03-06T15:31:00Z,adult,1,420,web,completed
TS-0000215,71003944,178578,home,2025-01-27T19:38:00Z,adult,3,420,web,completed
TS-0000216,71003349,178578,home,2024-12-03T22:18:00Z,student,1,290,web,completed
TS-0000217,71004318,178578,home,2025-01-27T07:20:00Z,adult,2,420,web,completed
TS-0000218,71006630,178578,home,2025-03-04T18:16:00Z,student,1,290,web,completed
TS-0000219,71004352,178578,home,2025-02-28T12:34:00Z,child,2,160,web,completed
TS-0000220,71003213,178578,home,2024-12-22T05:13:00Z,student,4,290,web,completed
TS-0000221,71002261,178578,home,2024-12-27T10:48:00Z,child,2,160,web,completed
TS-0000222,71007055,178578,home,2025-02-07T16:55:00Z,student,2,290,app,completed
TS-0000223,71002669,178578,home,2024-11-24T16:17:00Z,student,3,290,app,completed
TS-0000224,71006188,178578,home,2025-02-24T15:52:00Z,adult,2,420,app,cancelled
TS-0000225,71004403,178578,home,2025-03-05T20:22:00Z,youth,1,240,web,completed
TS-0000226,71000918,178578,home,2025-02-14T17:48:00Z,student,1,290,web,completed
TS-0000227,71001139,178578,home,2024-12-18T10:34:00Z,adult,1,420,web,completed
TS-0000228,71004182,178578,home,2025-03-06T08:46:00Z,adult,3,420,app,completed
TS-0000229,71000000,178578,home,2025-01-24T03:13:00Z,adult,1,420,web,completed
TS-0000230,71003468,178578,home,2025-03-04T06:31:00Z,youth,1,240,web,completed
TS-0000231,71006477,178578,home,2025-01-31T08:20:00Z,adult,2,420,web,completed
TS-0000232,71002193,178578,home,2024-12-24T04:25:00Z,adult,1,420,app,completed
TS-0000233,71002822,178578,home,2024-12-30T16:24:00Z,adult,3,420,web,completed
TS-0000234,71001394,178578,home,2024-12-17T12:07:00Z,youth,1,240,web,completed
TS-0000235,71002567,178578,home,2025-01-03T09:54:00Z,adult,1,420,web,completed
TS-0000236,71003825,178578,home,2024-11-26T16:05:00Z,student,2,290,web,completed
TS-0000237,71000170,178578,home,2025-01-09T11:30:00Z,adult,2,420,web,cancelled
TS-0000238,71003162,178578,home,2024-11-23T08:26:00Z,adult,3,420,web,completed
TS-0000239,71003638,178578,home,2024-11-13T13:31:00Z,youth,1,240,app,completed
TS-0000240,71002057,178578,home,2024-11-26T21:40:00Z,adult,1,420,web,completed
TS-0000241,71004726,178578,home,2024-11-20T13:34:00Z,student,3,290,web,completed
TS-0000242,71004284,178578,home,2024-11-12T14:21:00Z,adult,1,420,web,completed
TS-0000243,71003332,178578,home,2024-12-28T16:43:00Z,adult,2,420,web,completed
TS-0000244,71000850,178578,home,2024-11-27T09:41:00Z,youth,1,240,box_office,completed
TS-0000245,71003774,178578,home,2025-02-28T00:13:00Z,youth,4,240,box_office,completed
TS-0000246,71005984,178578,home,2024-11-12T07:21:00Z,student,1,290,web,completed
TS-0000247,71004437,178578,home,2024-11-18T10:04:00Z,student,3,290,box_office,completed
TS-0000248,71001598,178578,home,2024-12-28T22:42:00Z,adult,2,420,web,completed
TS-0000249,71001819,178578,home,2025-02-25T10:44:00Z,youth,1,240,app,completed
TS-0000250,71006919,178578,home,2024-11-19T18:24:00Z,adult,1,420,web,completed
TS-0000251,71005474,178578,home,2024-12-18T02:53:00Z,adult,4,420,web,completed
TS-0000252,71000255,178578,home,2024-12-13T18:34:00Z,student,1,290,web,completed
TS-0000253,71001649,178578,home,2025-03-04T17:57:00Z,student,1,290,web,completed
TS-0000254,71005525,178578,home,2024-12-08T21:27:00Z,adult,1,420,web,completed
TS-0000255,71004947,178578,home,2025-02-25T12:14:00Z,adult,3,420,web,completed
TS-0000256,71000408,178578,home,2025-03-03T00:55:00Z,youth,1,240,app,completed
TS-0000257,71002465,178578,home,2025-02-22T19:29:00Z,student,1,290,app,completed
TS-0000258,71000323,178578,home,2025-03-05T14:21:00Z,adult,3,420,web,completed
TS-0000259,71006341,178578,home,2024-12-05T04:49:00Z,adult,1,420,app,completed
TS-0000260,71004777,178578,home,2025-01-04T21:54:00Z,youth,1,240,web,completed
TS-0000261,71003315,178578,home,2025-01-11T05:11:00Z,adult,1,420,app,completed
TS-0000262,71003757,178578,home,2024-12-14T14:27:00Z,adult,3,420,web,completed
TS-0000263,71004233,178578,home,2025-01-16T05:38:00Z,adult,2,420,web,completed
TS-0000264,71000493,178578,home,2025-03-04T14:28:00Z,youth,3,240,web,completed
TS-0000265,71006222,178578,home,2025-03-05T14:55:00Z,youth,3,240,web,completed
TS-0000266,71000306,178578,home,2025-02-01T19:14:00Z,adult,2,420,web,completed
TS-0000267,71005882,178578,home,2025-03-05T01:06:00Z,youth,1,240,app,completed
TS-0000268,71006749,178578,home,2024-11-21T23:22:00Z,student,1,290,app,completed
TS-0000269,71004386,178578,home,2025-03-06T05:30:00Z,child,3,160,web,completed
TS-0000270,71006766,178578,home,2024-11-18T19:27:00Z,student,1,290,app,completed
TS-0000271,71005542,178578,home,2025-03-05T07:19:00Z,youth,1,240,app,completed
TS-0000272,71000153,178578,home,2025-01-08T22:21:00Z,adult,1,420,box_office,completed
TS-0000273,71001666,178578,home,2025-03-05T17:35:00Z,adult,2,420,app,completed
TS-0000274,71004590,178578,home,2025-02-09T05:25:00Z,student,2,290,app,completed
TS-0000275,71000714,178578,home,2025-02-24T16:31:00Z,adult,1,420,web,completed
TS-0000276,71006528,178578,home,2025-02-11T07:56:00Z,adult,2,420,web,completed
TS-0000277,71006511,178578,home,2025-02-03T14:13:00Z,student,2,290,web,completed
TS-0000278,71004420,178578,home,2025-03-06T12:11:00Z,child,1,160,web,completed
TS-0000279,71007089,178578,home,2025-03-05T20:22:00Z,student,3,290,web,completed
TS-0000280,71006783,178578,home,2025-01-09T09:22:00Z,student,4,290,box_office,refunded
TS-0000281,71006647,178578,home,2025-03-04T07:50:00Z,student,2,290,web,completed
TS-0000282,71001020,178578,home,2025-03-03T21:54:00Z,adult,2,420,app,completed
TS-0000283,71001547,178578,home,2024-12-10T11:59:00Z,adult,4,420,web,completed
TS-0000284,71002601,178578,home,2025-01-24T05:21:00Z,adult,1,420,web,completed
TS-0000285,71006086,178578,home,2025-02-21T22:06:00Z,youth,3,240,app,completed
TS-0000286,71005508,178578,home,2024-11-22T04:12:00Z,adult,2,420,web,completed
TS-0000287,71002686,178578,home,2024-12-01T05:54:00Z,student,1,290,web,completed
TS-0000288,71002091,178578,home,2024-12-02T13:23:00Z,adult,2,420,app,completed
TS-0000289,71004998,178578,home,2025-03-05T07:14:00Z,youth,1,240,app,completed
TS-0000290,71006290,178578,home,2025-02-28T21:40:00Z,youth,2,240,web,completed
TS-0000291,71005848,178578,home,2025-02-01T10:42:00Z,student,1,290,web,completed
TS-0000292,71003298,178578,home,2024-11-14T13:10:00Z,student,3,290,web,completed
TS-0000293,71003689,178578,home,2025-03-03T01:41:00Z,student,3,290,app,completed
TS-0000294,71005780,178578,home,2024-11-15T19:21:00Z,adult,2,420,web,completed
TS-0000295,71002448,178578,home,2024-12-02T12:36:00Z,adult,4,420,web,completed
TS-0000296,71005933,178578,home,2024-11-13T13:31:00Z,student,2,290,app,completed
TS-0000297,71001190,178578,home,2024-12-13T23:55:00Z,student,3,290,app,completed
TS-0000298,71001989,178578,home,2025-03-05T19:13:00Z,adult,1,420,web,completed
TS-0000299,71003009,178578,home,2025-03-05T13:03:00Z,youth,1,240,app,completed
TS-0000300,71004845,178578,home,2025-03-06T14:27:00Z,adult,1,420,web,completed
TS-0000301,71006324,178578,home,2025-03-04T22:08:00Z,student,2,290,web,completed
TS-0000302,71006154,178578,home,2025-01-12T11:24:00Z,adult,1,420,box_office,completed
TS-0000303,71003247,178578,home,2024-12-21T15:36:00Z,adult,1,420,web,completed
TS-0000304,71004301,178578,home,2025-03-04T11:06:00Z,adult,1,420,web,completed
TS-0000305,71001955,178578,home,2025-03-06T04:15:00Z,adult,2,420,app,completed
TS-0000306,71005253,178578,home,2025-03-04T19:56:00Z,adult,1,420,web,completed
TS-0000307,71002363,178578,home,2025-03-05T17:32:00Z,adult,4,420,app,completed
TS-0000308,71003264,178578,home,2024-11-18T13:17:00Z,student,2,290,web,completed
TS-0000309,71006256,178578,home,2025-02-25T05:20:00Z,adult,3,420,web,completed
TS-0000310,71005797,178578,home,2024-11-24T07:57:00Z,child,1,160,box_office,completed
TS-0000311,71004369,178578,home,2025-02-11T20:17:00Z,child,1,160,app,completed
TS-0000312,71003451,178578,home,2024-11-21T01:14:00Z,adult,1,420,web,completed
TS-0000313,71003281,178578,home,2024-11-07T11:44:00Z,youth,2,240,web,completed
TS-0000314,71000765,178578,home,2025-01-04T16:18:00Z,adult,1,420,app,completed
TS-0000315,71003910,178578,home,2025-02-20T19:02:00Z,adult,1,420,web,completed
TS-0000316,71001904,178578,home,2025-03-06T16:09:00Z,adult,1,420,web,completed
TS-0000317,71002482,178578,home,2025-03-05T15:02:00Z,youth,1,240,web,completed
TS-0000318,71007106,178578,home,2024-12-05T06:31:00Z,student,3,290,web,completed
TS-0000319,71006239,178578,home,2025-02-24T18:42:00Z,student,2,290,web,refunded
TS-0000320,71002720,178578,home,2025-01-31T02:34:00Z,youth,3,240,app,completed
TS-0000321,71004709,178578,home,2025-02-01T05:48:00Z,adult,3,420,app,completed
TS-0000322,71006137,178578,home,2025-01-06T19:52:00Z,youth,2,240,app,completed
TS-0000323,71003145,178578,home,2024-11-06T23:00:00Z,adult,4,420,web,completed
TS-0000324,71000017,178578,home,2025-03-05T18:30:00Z,youth,1,240,web,completed
TS-0000325,71004607,178578,home,2024-11-20T15:41:00Z,youth,4,240,app,refunded
TS-0000326,71002397,178578,home,2025-02-19T16:46:00Z,student,3,290,app,completed
TS-0000327,71005049,178578,home,2025-01-11T16:50:00Z,youth,1,240,web,completed
TS-0000328,71001632,178578,home,2024-12-24T15:10:00Z,adult,4,420,web,completed
TS-0000329,71004046,178578,home,2024-11-23T11:37:00Z,child,1,160,app,completed
TS-0000330,71006987,178578,home,2024-12-01T22:59:00Z,child,2,160,web,completed
TS-0000331,71003808,178578,home,2024-12-17T23:48:00Z,adult,2,420,web,refunded
TS-0000332,71001071,178578,home,2024-11-29T05:34:00Z,adult,1,420,box_office,refunded
TS-0000333,71003995,178578,home,2025-01-01T20:17:00Z,adult,1,420,web,completed
TS-0000334,71001428,178578,home,2025-03-05T23:15:00Z,youth,4,240,app,completed
TS-0000335,71005576,178578,home,2025-01-11T19:46:00Z,adult,2,420,app,refunded
TS-0000336,71004335,178578,home,2024-12-29T17:03:00Z,adult,3,420,app,completed
TS-0000337,71002346,178578,home,2025-01-27T14:49:00Z,adult,2,420,web,completed
TS-0000338,71006800,178578,home,2025-03-06T12:48:00Z,adult,2,420,app,completed
TS-0000339,71003621,178578,home,2024-12-04T19:41:00Z,student,2,290,box_office,completed
TS-0000340,71004250,178578,home,2024-12-05T18:50:00Z,youth,1,240,web,completed
TS-0000341,71002924,178578,home,2025-01-11T00:32:00Z,youth,3,240,web,completed
TS-0000342,71005389,178578,home,2024-12-12T16:49:00Z,adult,1,420,web,completed
TS-0000343,71005219,178578,home,2024-12-10T18:31:00Z,adult,1,420,web,refunded
TS-0000344,71000238,178578,home,2025-03-04T23:07:00Z,student,2,290,app,completed
TS-0000345,71001105,178578,home,2025-02-26T03:16:00Z,adult,2,420,web,completed
TS-0000346,71003791,178578,home,2024-11-27T18:40:00Z,adult,1,420,app,completed
TS-0000347,71000629,178578,home,2024-12-26T07:47:00Z,student,1,290,app,completed
TS-0000348,71004913,178578,home,2025-03-05T02:06:00Z,adult,1,420,app,completed
TS-0000349,71002108,178578,home,2024-11-11T22:58:00Z,adult,2,420,app,completed
TS-0000350,71005168,178578,home,2024-12-20T06:48:00Z,adult,2,420,app,completed
TS-0000351,71004012,178578,home,2025-03-04T19:12:00Z,adult,1,420,web,completed
TS-0000352,71005610,178578,home,2025-01-31T23:58:00Z,adult,2,420,box_office,completed
TS-0000353,71000119,178578,home,2025-02-14T12:38:00Z,adult,2,420,app,completed
TS-0000354,71001717,178578,home,2025-01-25T16:41:00Z,adult,4,420,app,completed
TS-0000355,71001734,178578,home,2025-01-26T10:06:00Z,youth,3,240,app,completed
TS-0000356,71001921,178578,home,2024-12-19T16:35:00Z,adult,2,420,box_office,completed
TS-0000357,71000476,178578,home,2025-02-03T22:40:00Z,adult,1,420,web,completed
TS-0000358,71004675,178578,home,2025-01-02T09:05:00Z,adult,2,420,app,completed
TS-0000359,71006817,178578,home,2025-01-17T21:57:00Z,adult,1,420,web,completed
TS-0000360,71002329,178578,home,2025-02-16T12:34:00Z,adult,3,420,web,completed
TS-0000361,71002686,178586,away,2024-12-14T22:28:00Z,child,1,140,web,completed
TS-0000362,71000221,178586,away,2025-03-10T18:23:00Z,adult,1,360,web,completed
TS-0000363,71001598,178586,away,2024-11-20T16:59:00Z,adult,1,360,web,completed
TS-0000364,71002244,178586,away,2025-03-01T05:42:00Z,adult,1,360,web,completed
TS-0000365,71002771,178586,away,2025-03-12T09:11:00Z,adult,2,360,app,completed
TS-0000366,71003859,178586,away,2024-12-29T20:25:00Z,adult,1,360,web,completed
TS-0000367,71004760,178586,away,2024-12-17T04:47:00Z,child,1,140,box_office,completed
TS-0000368,71005729,178586,away,2025-03-11T02:20:00Z,student,1,250,web,completed
TS-0000369,71004522,178586,away,2024-12-01T06:50:00Z,adult,1,360,app,completed
TS-0000370,71004675,178586,away,2025-01-28T04:25:00Z,adult,3,360,web,completed
TS-0000371,71000085,178586,away,2024-11-30T22:45:00Z,adult,2,360,box_office,completed
TS-0000372,71007072,178586,away,2024-12-07T20:16:00Z,child,1,140,web,completed
TS-0000373,71002125,178586,away,2025-03-04T12:32:00Z,adult,1,360,app,completed
TS-0000374,71004114,178586,away,2025-01-06T01:03:00Z,student,3,250,app,completed
TS-0000375,71002516,178586,away,2025-03-11T11:55:00Z,student,1,250,app,completed
TS-0000376,71003451,178586,away,2024-11-17T03:09:00Z,adult,1,360,app,completed
TS-0000377,71007106,178586,away,2025-01-07T03:03:00Z,youth,2,200,app,completed
TS-0000378,71000765,178586,away,2025-03-11T22:53:00Z,adult,2,360,web,completed
TS-0000379,71005270,178586,away,2024-11-23T17:20:00Z,adult,1,360,app,completed
TS-0000380,71002329,178586,away,2025-02-27T23:55:00Z,student,1,250,app,completed
TS-0000381,71005083,178586,away,2025-01-14T11:50:00Z,adult,2,360,web,completed
TS-0000382,71005100,178586,away,2025-03-11T16:54:00Z,student,1,250,web,completed
TS-0000383,71007191,178586,away,2024-11-24T03:39:00Z,youth,1,200,web,completed
TS-0000384,71005899,178586,away,2025-03-10T23:19:00Z,adult,1,360,web,completed
TS-0000385,71006936,178586,away,2025-03-02T04:35:00Z,adult,2,360,app,completed
TS-0000386,71002737,178586,away,2025-03-12T20:43:00Z,student,1,250,web,completed
TS-0000387,71005287,178586,away,2025-02-28T21:42:00Z,student,1,250,web,completed
TS-0000388,71002669,178586,away,2024-11-19T09:57:00Z,adult,2,360,app,completed
TS-0000389,71004097,178586,away,2025-01-13T10:38:00Z,youth,1,200,web,completed
TS-0000390,71002057,178586,away,2025-01-08T00:10:00Z,child,1,140,web,completed
TS-0000391,71007174,178586,away,2024-11-28T06:31:00Z,adult,3,360,web,completed
TS-0000392,71002703,178586,away,2025-03-11T07:20:00Z,adult,1,360,app,completed
TS-0000393,71003740,178586,away,2024-11-18T18:24:00Z,student,3,250,web,completed
TS-0000394,71002431,178586,away,2025-03-13T02:33:00Z,child,2,140,web,completed
TS-0000395,71005695,178586,away,2025-01-29T23:09:00Z,adult,1,360,web,completed
TS-0000396,71003604,178586,away,2024-12-28T11:06:00Z,adult,1,360,web,completed
TS-0000397,71003179,178586,away,2025-03-10T21:26:00Z,student,2,250,web,completed
TS-0000398,71004879,178586,away,2025-03-10T20:08:00Z,adult,2,360,app,completed
TS-0000399,71005678,178586,away,2025-01-21T14:37:00Z,youth,3,200,web,completed
TS-0000400,71002601,178586,away,2025-02-11T15:38:00Z,adult,1,360,web,completed
TS-0000401,71001190,178586,away,2025-03-12T01:51:00Z,student,3,250,web,completed
TS-0000402,71007123,178586,away,2025-03-13T00:09:00Z,child,2,140,web,completed
TS-0000403,71001020,178586,away,2025-03-11T22:55:00Z,adult,1,360,web,completed
TS-0000404,71003536,178586,away,2025-03-12T07:13:00Z,adult,1,360,app,completed
TS-0000405,71003757,178586,away,2025-03-12T05:52:00Z,student,1,250,app,completed
TS-0000406,71004998,178586,away,2025-03-11T16:48:00Z,youth,1,200,app,completed
TS-0000407,71000136,178586,away,2025-03-10T23:53:00Z,adult,2,360,box_office,completed
TS-0000408,71007055,178586,away,2024-12-08T12:48:00Z,youth,1,200,app,completed
TS-0000409,71001224,178586,away,2025-03-13T07:45:00Z,student,4,250,web,completed
TS-0000410,71006239,178586,away,2024-11-25T11:24:00Z,student,3,250,web,completed
TS-0000411,71001122,178586,away,2024-11-25T19:47:00Z,youth,1,200,app,completed
TS-0000412,71003383,178586,away,2024-12-29T19:11:00Z,adult,3,360,web,completed
TS-0000413,71000697,178586,away,2025-01-03T21:59:00Z,adult,1,360,web,completed
TS-0000414,71000629,178586,away,2024-12-09T09:32:00Z,student,1,250,web,completed
TS-0000415,71004573,178586,away,2025-02-12T22:20:00Z,youth,1,200,web,completed
TS-0000416,71000391,178586,away,2025-01-23T10:17:00Z,youth,2,200,web,completed
TS-0000417,71002278,178586,away,2025-03-13T08:15:00Z,adult,1,360,web,completed
TS-0000418,71002448,178586,away,2025-01-20T00:18:00Z,child,1,140,app,completed
TS-0000419,71006902,178586,away,2025-01-11T07:33:00Z,adult,2,360,app,completed
TS-0000420,71005593,178586,away,2025-03-11T22:21:00Z,youth,1,200,app,completed
TS-0000421,71001802,178586,away,2024-12-27T15:20:00Z,adult,1,360,web,completed
TS-0000422,71004369,178586,away,2025-03-13T06:31:00Z,adult,3,360,web,refunded
TS-0000423,71002040,178586,away,2025-03-12T10:45:00Z,student,3,250,web,completed
TS-0000424,71004454,178586,away,2025-02-20T19:54:00Z,adult,2,360,web,completed
TS-0000425,71001938,178586,away,2025-03-13T07:33:00Z,youth,4,200,box_office,completed
TS-0000426,71005338,178586,away,2025-03-12T13:04:00Z,child,1,140,app,completed
TS-0000427,71004607,178586,away,2025-03-01T21:30:00Z,youth,1,200,box_office,completed
TS-0000428,71001547,178586,away,2025-01-05T13:08:00Z,student,1,250,app,completed
TS-0000429,71000000,178586,away,2025-03-12T02:37:00Z,student,2,250,web,completed
TS-0000430,71003553,178586,away,2025-01-26T14:18:00Z,youth,3,200,web,completed
TS-0000431,71007089,178586,away,2025-03-11T19:31:00Z,adult,1,360,app,completed
TS-0000432,71001462,178586,away,2024-12-15T04:51:00Z,adult,3,360,web,cancelled
TS-0000433,71000425,178586,away,2024-12-17T09:29:00Z,youth,1,200,app,completed
TS-0000434,71006647,178586,away,2024-11-21T20:46:00Z,youth,1,200,app,completed
TS-0000435,71006749,178586,away,2025-01-27T21:09:00Z,youth,1,200,app,completed
TS-0000436,71003366,178586,away,2024-12-05T14:40:00Z,youth,1,200,box_office,completed
TS-0000437,71001921,178586,away,2025-01-30T20:54:00Z,adult,2,360,web,completed
TS-0000438,71006477,178586,away,2024-11-26T14:04:00Z,youth,1,200,web,completed
TS-0000439,71003706,178586,away,2025-03-13T07:35:00Z,student,1,250,web,cancelled
TS-0000440,71003774,178586,away,2025-03-11T23:07:00Z,student,1,250,box_office,completed
TS-0000441,71003587,178586,away,2025-02-09T14:22:00Z,youth,2,200,web,refunded
TS-0000442,71003145,178586,away,2025-01-31T18:15:00Z,adult,1,360,app,completed
TS-0000443,71006868,178586,away,2024-12-12T12:07:00Z,adult,2,360,app,completed
TS-0000444,71000068,178586,away,2025-03-04T15:47:00Z,adult,1,360,box_office,completed
TS-0000445,71005882,178586,away,2025-02-25T15:36:00Z,child,3,140,web,completed
TS-0000446,71000986,178586,away,2024-12-14T20:11:00Z,adult,1,360,app,completed
TS-0000447,71006613,178586,away,2025-03-11T11:13:00Z,child,2,140,app,completed
TS-0000448,71004981,178586,away,2024-11-17T11:12:00Z,adult,2,360,box_office,completed
TS-0000449,71000578,178586,away,2024-11-17T13:11:00Z,youth,2,200,web,completed
TS-0000450,71002822,178586,away,2025-02-19T18:40:00Z,youth,2,200,web,refunded
TS-0000451,71004352,178586,away,2025-01-20T12:57:00Z,adult,1,360,box_office,completed
TS-0000452,71004930,178586,away,2024-11-28T16:59:00Z,adult,1,360,web,completed
TS-0000453,71003570,178586,away,2024-12-25T07:42:00Z,youth,1,200,web,completed
TS-0000454,71000680,178586,away,2024-12-07T23:58:00Z,adult,3,360,web,completed
TS-0000455,71000289,178586,away,2025-01-25T11:59:00Z,student,1,250,web,completed
TS-0000456,71003264,178586,away,2025-03-10T21:44:00Z,adult,1,360,web,completed
TS-0000457,71005525,178586,away,2024-11-16T14:53:00Z,student,1,250,box_office,completed
TS-0000458,71000544,178586,away,2025-02-03T10:34:00Z,youth,1,200,web,completed
TS-0000459,71004233,178586,away,2024-11-19T01:42:00Z,student,2,250,web,completed
TS-0000460,71002567,178586,away,2025-02-21T20:23:00Z,adult,1,360,app,completed
TS-0000461,71003043,179580,away,2025-01-20T04:17:00Z,youth,1,200,web,completed
TS-0000462,71006562,179580,away,2025-02-19T11:21:00Z,student,1,250,web,completed
TS-0000463,71005695,179580,away,2025-04-16T04:23:00Z,child,1,140,web,completed
TS-0000464,71000748,179580,away,2025-01-22T20:55:00Z,adult,2,360,box_office,completed
TS-0000465,71002720,179580,away,2025-01-03T21:50:00Z,adult,2,360,web,completed
TS-0000466,71000493,179580,away,2025-02-18T00:11:00Z,adult,1,360,app,completed
TS-0000467,71004301,179580,away,2025-01-25T21:09:00Z,child,4,140,app,completed
TS-0000468,71006426,179580,away,2025-02-12T23:19:00Z,child,2,140,web,completed
TS-0000469,71000255,179580,away,2025-03-04T10:04:00Z,child,1,140,web,completed
TS-0000470,71006324,179580,away,2024-12-23T12:25:00Z,adult,2,360,web,completed
TS-0000471,71005916,179580,away,2025-02-08T10:39:00Z,adult,1,360,web,completed
TS-0000472,71005933,179580,away,2025-02-21T22:29:00Z,adult,2,360,app,completed
TS-0000473,71006885,179580,away,2025-04-11T12:32:00Z,adult,1,360,app,completed
TS-0000474,71002601,179580,away,2025-04-15T10:32:00Z,child,1,140,web,cancelled
TS-0000475,71001479,179580,away,2025-04-06T07:04:00Z,student,2,250,web,completed
TS-0000476,71006766,179580,away,2025-04-17T06:18:00Z,youth,2,200,web,completed
TS-0000477,71005474,179580,away,2025-04-16T22:24:00Z,adult,2,360,web,completed
TS-0000478,71001819,179580,away,2025-04-07T04:02:00Z,adult,2,360,web,cancelled
TS-0000479,71006902,179580,away,2024-12-24T17:35:00Z,adult,1,360,web,completed
TS-0000480,71001700,179580,away,2025-02-21T11:25:00Z,adult,1,360,web,completed
TS-0000481,71004641,179580,away,2025-04-16T16:48:00Z,adult,2,360,web,cancelled
TS-0000482,71005610,179580,away,2025-02-03T04:57:00Z,youth,1,200,app,completed
TS-0000483,71003111,179580,away,2025-01-20T19:57:00Z,child,2,140,web,completed
TS-0000484,71004675,179580,away,2025-04-11T20:02:00Z,adult,1,360,web,completed
TS-0000485,71004386,179580,away,2025-04-16T10:17:00Z,youth,1,200,app,completed
TS-0000486,71005882,179580,away,2025-02-07T23:57:00Z,adult,1,360,box_office,completed
TS-0000487,71003332,179580,away,2025-04-14T23:45:00Z,adult,1,360,app,completed
TS-0000488,71001105,179580,away,2025-03-28T16:09:00Z,child,4,140,app,completed
TS-0000489,71000153,179580,away,2025-04-15T17:48:00Z,youth,1,200,web,completed
TS-0000490,71004114,179580,away,2025-03-15T14:33:00Z,adult,2,360,web,completed
TS-0000491,71005797,179580,away,2025-04-17T10:15:00Z,adult,1,360,web,completed
TS-0000492,71003349,179580,away,2025-04-17T11:58:00Z,adult,1,360,web,completed
TS-0000493,71004029,179580,away,2025-04-15T13:18:00Z,adult,1,360,app,completed
TS-0000494,71005831,179580,away,2025-01-21T23:36:00Z,child,1,140,app,completed
TS-0000495,71001802,179580,away,2025-03-13T16:32:00Z,youth,2,200,app,completed
TS-0000496,71004097,179580,away,2025-01-14T15:44:00Z,adult,2,360,web,completed
TS-0000497,71000850,179580,away,2024-12-22T11:33:00Z,adult,2,360,web,completed
TS-0000498,71004488,179580,away,2025-04-14T18:56:00Z,adult,1,360,app,completed
TS-0000499,71006086,179580,away,2025-02-24T06:37:00Z,student,2,250,web,cancelled
TS-0000500,71004913,179580,away,2024-12-29T23:20:00Z,youth,2,200,web,completed
TS-0000501,71003026,179580,away,2025-04-15T17:33:00Z,youth,1,200,web,refunded
TS-0000502,71006222,179580,away,2025-04-17T02:31:00Z,youth,4,200,app,completed
TS-0000503,71001037,179580,away,2025-04-16T07:38:00Z,student,2,250,app,completed
TS-0000504,71002584,179580,away,2024-12-21T01:46:00Z,youth,1,200,web,completed
TS-0000505,71003842,179580,away,2024-12-25T19:15:00Z,adult,1,360,app,completed
TS-0000506,71004998,179580,away,2025-01-09T06:45:00Z,youth,1,200,app,completed
TS-0000507,71002040,179580,away,2025-01-04T22:40:00Z,adult,2,360,app,completed
TS-0000508,71001411,179580,away,2025-02-04T13:57:00Z,adult,2,360,app,completed
TS-0000509,71000765,179580,away,2025-04-12T05:37:00Z,adult,1,360,web,completed
TS-0000510,71005406,179580,away,2025-04-15T17:52:00Z,adult,1,360,web,completed
TS-0000511,71005780,179580,away,2025-04-17T06:29:00Z,adult,2,360,web,completed
TS-0000512,71001768,179580,away,2025-04-17T13:12:00Z,adult,1,360,web,refunded
TS-0000513,71001683,179580,away,2025-04-16T22:40:00Z,youth,1,200,web,cancelled
TS-0000514,71004216,179580,away,2025-04-17T08:40:00Z,adult,2,360,web,completed
TS-0000515,71002635,179580,away,2025-02-20T23:38:00Z,youth,1,200,web,cancelled
TS-0000516,71004862,179580,away,2025-04-14T04:54:00Z,child,1,140,web,completed
TS-0000517,71002907,179580,away,2025-03-05T02:09:00Z,adult,2,360,web,completed
TS-0000518,71005593,179580,away,2025-03-27T03:34:00Z,adult,2,360,web,completed
TS-0000519,71007157,179580,away,2025-03-20T21:58:00Z,adult,3,360,web,completed
TS-0000520,71002839,179580,away,2025-04-11T02:38:00Z,student,3,250,web,completed
TS-0000521,71002091,179580,away,2025-04-07T14:14:00Z,student,1,250,app,completed
TS-0000522,71005525,179580,away,2025-01-08T22:20:00Z,adult,2,360,app,completed
TS-0000523,71000136,179580,away,2025-02-05T03:56:00Z,youth,1,200,web,completed
TS-0000524,71002482,179580,away,2025-04-16T04:06:00Z,child,2,140,web,completed
TS-0000525,71006613,179580,away,2025-04-14T18:05:00Z,adult,1,360,web,completed
TS-0000526,71005066,179580,away,2025-03-24T03:30:00Z,adult,2,360,box_office,completed
TS-0000527,71000918,179580,away,2025-03-24T04:03:00Z,youth,1,200,web,refunded
TS-0000528,71000561,179580,away,2025-02-17T22:03:00Z,youth,3,200,web,refunded
TS-0000529,71003553,179580,away,2025-01-31T00:25:00Z,student,1,250,app,completed
TS-0000530,71001122,179580,away,2025-01-18T04:00:00Z,adult,1,360,app,completed
TS-0000531,71002125,179580,away,2024-12-27T10:05:00Z,youth,2,200,web,completed
TS-0000532,71002873,179580,away,2025-04-16T21:38:00Z,adult,2,360,web,completed
TS-0000533,71000391,179580,away,2025-03-02T01:44:00Z,adult,1,360,web,completed
TS-0000534,71001088,179580,away,2025-04-12T05:54:00Z,student,3,250,web,completed
TS-0000535,71005287,179580,away,2025-02-28T14:43:00Z,adult,1,360,app,completed
TS-0000536,71003519,179580,away,2025-03-09T10:55:00Z,youth,1,200,app,cancelled
TS-0000537,71002499,179580,away,2024-12-28T13:54:00Z,student,1,250,web,completed
TS-0000538,71002210,179580,away,2025-03-29T08:06:00Z,child,1,140,app,completed
TS-0000539,71001938,179580,away,2025-03-16T13:57:00Z,student,1,250,web,completed
TS-0000540,71001581,179580,away,2025-03-11T08:29:00Z,adult,1,360,app,completed
TS-0000541,71001887,179580,away,2024-12-25T17:12:00Z,adult,2,360,web,cancelled
TS-0000542,71004046,179580,away,2025-02-14T18:28:00Z,youth,2,200,web,completed
TS-0000543,71006307,179580,away,2025-03-12T04:06:00Z,adult,1,360,app,completed
TS-0000544,71007140,179580,away,2025-04-16T07:40:00Z,adult,2,360,web,completed
TS-0000545,71000000,179580,away,2025-03-30T06:59:00Z,adult,1,360,web,completed
TS-0000546,71003094,179580,away,2025-04-17T09:10:00Z,student,1,250,web,completed
TS-0000547,71000408,179580,away,2025-04-16T22:27:00Z,adult,1,360,app,completed
TS-0000548,71004726,179580,away,2025-01-21T19:15:00Z,adult,3,360,web,completed
TS-0000549,71004165,179580,away,2025-03-26T22:08:00Z,youth,2,200,web,completed
TS-0000550,71003910,179580,away,2025-04-15T08:12:00Z,adult,2,360,web,completed
TS-0000551,71003621,179580,away,2025-03-03T06:10:00Z,youth,1,200,web,completed
TS-0000552,71006936,179580,away,2025-02-20T14:00:00Z,child,3,140,box_office,completed
TS-0000553,71000680,179580,away,2025-03-18T18:36:00Z,adult,3,360,box_office,completed
TS-0000554,71006120,179580,away,2025-04-16T23:17:00Z,adult,1,360,box_office,cancelled
TS-0000555,71003502,179580,away,2025-02-13T03:23:00Z,child,1,140,web,completed
TS-0000556,71007021,179580,away,2025-02-19T11:51:00Z,student,1,250,web,completed
TS-0000557,71000340,179580,away,2025-04-16T21:37:00Z,adult,1,360,app,completed
TS-0000558,71006749,179580,away,2025-04-16T04:02:00Z,adult,2,360,web,refunded
TS-0000559,71005236,179580,away,2025-04-17T15:55:00Z,adult,4,360,box_office,completed
TS-0000560,71001819,180514,away,2025-03-29T18:47:00Z,adult,1,360,web,completed
TS-0000561,71004896,180514,away,2025-04-29T13:40:00Z,adult,1,360,app,completed
TS-0000562,71003230,180514,away,2025-05-01T00:58:00Z,child,4,140,app,completed
TS-0000563,71001649,180514,away,2025-04-07T04:35:00Z,adult,1,360,app,completed
TS-0000564,71004114,180514,away,2025-04-17T07:17:00Z,student,1,250,app,completed
TS-0000565,71005661,180514,away,2025-01-20T02:49:00Z,adult,2,360,app,completed
TS-0000566,71003672,180514,away,2025-04-13T22:07:00Z,adult,1,360,web,completed
TS-0000567,71003162,180514,away,2025-02-15T03:09:00Z,child,3,140,web,completed
TS-0000568,71001326,180514,away,2025-05-01T02:51:00Z,student,2,250,app,completed
TS-0000569,71001904,180514,away,2025-05-01T14:45:00Z,adult,1,360,web,completed
TS-0000570,71003026,180514,away,2025-04-30T00:01:00Z,child,1,140,web,completed
TS-0000571,71004794,180514,away,2025-04-11T15:25:00Z,child,2,140,box_office,completed
TS-0000572,71001989,180514,away,2025-03-04T23:32:00Z,student,4,250,box_office,completed
TS-0000573,71001394,180514,away,2025-04-29T12:42:00Z,youth,2,200,box_office,completed
TS-0000574,71004131,180514,away,2025-05-01T15:45:00Z,student,1,250,app,completed
TS-0000575,71000425,180514,away,2025-01-04T02:29:00Z,adult,1,360,web,completed
TS-0000576,71000238,180514,away,2025-03-07T14:23:00Z,adult,1,360,app,completed
TS-0000577,71003009,180514,away,2025-04-07T17:19:00Z,adult,3,360,web,completed
TS-0000578,71001921,180514,away,2025-05-01T06:34:00Z,adult,1,360,web,refunded
TS-0000579,71005457,180514,away,2025-04-09T17:49:00Z,student,2,250,web,completed
TS-0000580,71005423,180514,away,2025-04-28T17:37:00Z,adult,2,360,web,completed
TS-0000581,71004930,180514,away,2025-01-08T12:27:00Z,child,2,140,app,completed
TS-0000582,71000119,180514,away,2025-03-21T22:41:00Z,adult,1,360,app,completed
TS-0000583,71005984,180514,away,2025-01-23T19:06:00Z,student,2,250,web,completed
TS-0000584,71004845,180514,away,2025-04-29T09:59:00Z,adult,2,360,web,completed
TS-0000585,71000153,180514,away,2025-02-06T00:01:00Z,adult,3,360,app,completed
TS-0000586,71002771,180514,away,2025-01-03T10:23:00Z,adult,3,360,app,completed
TS-0000587,71007208,180514,away,2025-03-10T14:35:00Z,adult,2,360,app,completed
TS-0000588,71000340,180514,away,2025-05-01T06:40:00Z,adult,2,360,web,completed
TS-0000589,71001887,180514,away,2025-04-25T02:32:00Z,student,3,250,app,completed
TS-0000590,71004743,180514,away,2025-04-21T07:03:00Z,adult,3,360,web,completed
TS-0000591,71006290,180514,away,2025-04-30T21:59:00Z,adult,3,360,app,completed
TS-0000592,71006749,180514,away,2025-04-29T23:17:00Z,adult,2,360,box_office,completed
TS-0000593,71006851,180514,away,2025-02-23T23:53:00Z,adult,2,360,app,completed
TS-0000594,71003417,180514,away,2025-03-07T20:37:00Z,child,3,140,web,completed
TS-0000595,71001224,180514,away,2025-02-10T12:39:00Z,student,1,250,web,completed
TS-0000596,71001088,180514,away,2025-05-01T12:06:00Z,adult,1,360,app,completed
TS-0000597,71005627,180514,away,2025-04-29T22:38:00Z,student,3,250,box_office,completed
TS-0000598,71000068,180514,away,2025-03-25T07:34:00Z,adult,1,360,web,completed
TS-0000599,71002499,180514,away,2025-02-06T07:12:00Z,adult,3,360,web,completed
TS-0000600,71002312,180514,away,2025-04-30T22:06:00Z,youth,2,200,web,completed
TS-0000601,71002108,180514,away,2025-02-23T20:58:00Z,adult,3,360,box_office,completed
TS-0000602,71003043,180514,away,2025-04-24T07:25:00Z,adult,2,360,app,completed
TS-0000603,71002346,180514,away,2025-04-29T04:08:00Z,adult,1,360,app,completed
TS-0000604,71003094,180514,away,2025-02-28T23:29:00Z,youth,1,200,web,completed
TS-0000605,71005372,180514,away,2025-03-16T07:27:00Z,adult,1,360,web,completed
TS-0000606,71003332,180514,away,2025-01-15T07:08:00Z,adult,2,360,box_office,completed
TS-0000607,71005899,180514,away,2025-02-24T23:53:00Z,youth,2,200,web,completed
TS-0000608,71004539,180514,away,2025-01-05T21:57:00Z,adult,1,360,app,completed
TS-0000609,71000187,180514,away,2025-03-16T02:54:00Z,child,1,140,app,completed
TS-0000610,71005831,180514,away,2025-05-01T13:17:00Z,student,3,250,app,completed
TS-0000611,71006018,180514,away,2025-04-22T20:21:00Z,adult,3,360,app,completed
TS-0000612,71007123,180514,away,2025-01-19T01:01:00Z,youth,1,200,app,completed
TS-0000613,71000051,180514,away,2025-03-18T14:51:00Z,adult,1,360,box_office,cancelled
TS-0000614,71002992,180514,away,2025-04-04T08:00:00Z,student,2,250,web,completed
TS-0000615,71006936,180514,away,2025-04-29T09:50:00Z,student,1,250,app,completed
TS-0000616,71001241,180514,away,2025-03-24T17:57:00Z,youth,1,200,web,completed
TS-0000617,71001785,180514,away,2025-04-14T05:54:00Z,child,1,140,web,completed
TS-0000618,71002142,180514,away,2025-03-01T21:53:00Z,adult,1,360,web,completed
TS-0000619,71006035,180514,away,2025-03-28T20:18:00Z,adult,1,360,web,completed
TS-0000620,71001411,180514,away,2025-02-28T20:21:00Z,adult,4,360,web,completed
TS-0000621,71004692,180514,away,2025-03-13T14:51:00Z,adult,1,360,app,completed
TS-0000622,71004760,180514,away,2025-04-29T01:33:00Z,student,1,250,web,cancelled
TS-0000623,71002227,180514,away,2025-03-06T20:32:00Z,adult,2,360,box_office,completed
TS-0000624,71004318,180514,away,2025-04-29T06:48:00Z,youth,2,200,web,completed
TS-0000625,71006970,180514,away,2025-04-26T12:46:00Z,student,1,250,web,completed
TS-0000626,71004233,180514,away,2025-03-28T15:57:00Z,youth,2,200,web,completed
TS-0000627,71001802,180514,away,2025-03-25T02:34:00Z,adult,1,360,web,completed
TS-0000628,71000204,180514,away,2025-04-16T03:49:00Z,child,1,140,web,completed
TS-0000629,71005406,180514,away,2025-02-07T11:43:00Z,adult,3,360,app,completed
TS-0000630,71004590,180514,away,2025-04-29T01:28:00Z,child,1,140,web,completed
TS-0000631,71000612,180514,away,2025-02-05T22:04:00Z,adult,1,360,web,completed
TS-0000632,71002822,180514,away,2025-02-12T15:11:00Z,child,1,140,app,completed
TS-0000633,71003298,180514,away,2025-04-22T04:56:00Z,student,2,250,app,completed
TS-0000634,71005321,180514,away,2025-01-02T00:29:00Z,adult,2,360,box_office,completed
TS-0000635,71003383,180514,away,2025-01-27T12:15:00Z,adult,1,360,web,completed
TS-0000636,71004709,180514,away,2025-02-24T20:09:00Z,adult,1,360,box_office,completed
TS-0000637,71000833,180514,away,2025-01-30T04:55:00Z,youth,1,200,web,completed
TS-0000638,71005134,180514,away,2025-03-30T23:40:00Z,adult,1,360,app,completed
TS-0000639,71001751,180514,away,2025-04-29T20:08:00Z,child,2,140,web,completed
TS-0000640,71000561,180514,away,2025-02-04T08:05:00Z,student,1,250,web,completed
TS-0000641,71001853,180514,away,2025-01-09T10:32:00Z,adult,3,360,web,completed
TS-0000642,71000646,180514,away,2025-02-17T22:10:00Z,child,2,140,web,completed
TS-0000643,71003893,180514,away,2025-04-28T18:26:00Z,adult,2,360,box_office,cancelled
TS-0000644,71004250,180514,away,2025-03-05T01:12:00Z,adult,2,360,web,completed
TS-0000645,71003978,180514,away,2025-01-22T11:47:00Z,student,1,250,app,completed
TS-0000646,71006630,180514,away,2025-01-12T01:25:00Z,adult,3,360,app,completed
TS-0000647,71000595,180514,away,2025-04-12T20:30:00Z,adult,4,360,web,completed
TS-0000648,71000476,180514,away,2025-01-06T11:08:00Z,youth,4,200,web,completed
TS-0000649,71002839,180514,away,2025-04-30T11:22:00Z,student,3,250,web,completed
TS-0000650,71003638,180514,away,2025-03-25T12:32:00Z,child,1,140,web,completed
TS-0000651,71002057,180514,away,2025-02-22T11:04:00Z,youth,1,200,web,completed
TS-0000652,71001428,180514,away,2025-04-30T11:32:00Z,adult,2,360,app,completed
TS-0000653,71001955,180514,away,2025-04-12T13:44:00Z,child,1,140,app,completed
TS-0000654,71003060,180514,away,2025-04-29T20:31:00Z,adult,2,360,app,completed
TS-0000655,71006324,180514,away,2025-01-09T06:56:00Z,student,2,250,web,completed
TS-0000656,71006596,180514,away,2025-02-05T05:16:00Z,adult,1,360,app,completed
TS-0000657,71005695,180514,away,2025-03-10T10:12:00Z,adult,2,360,web,completed
TS-0000658,71002754,180515,home,2025-04-24T02:55:00Z,adult,2,420,box_office,completed
TS-0000659,71003842,180515,home,2025-04-08T04:37:00Z,youth,2,240,app,completed
TS-0000660,71003128,180515,home,2025-05-06T19:26:00Z,adult,1,420,box_office,completed
TS-0000661,71004998,180515,home,2025-03-11T16:07:00Z,child,1,160,web,completed
TS-0000662,71000901,180515,home,2025-02-19T02:52:00Z,adult,1,420,app,completed
TS-0000663,71006868,180515,home,2025-03-17T13:19:00Z,student,2,290,app,completed
TS-0000664,71001785,180515,home,2025-05-05T00:39:00Z,youth,1,240,web,completed
TS-0000665,71003451,180515,home,2025-02-24T15:18:00Z,adult,3,420,app,completed
TS-0000666,71003536,180515,home,2025-01-13T00:55:00Z,adult,2,420,app,completed
TS-0000667,71004403,180515,home,2025-05-07T04:14:00Z,adult,4,420,web,completed
TS-0000668,71006290,180515,home,2025-01-15T14:20:00Z,youth,3,240,web,refunded
TS-0000669,71001462,180515,home,2025-03-28T18:24:00Z,adult,2,420,web,completed
TS-0000670,71005457,180515,home,2025-03-19T12:45:00Z,student,2,290,web,completed
TS-0000671,71001802,180515,home,2025-02-19T23:09:00Z,youth,2,240,web,completed
TS-0000672,71003757,180515,home,2025-04-27T05:13:00Z,adult,3,420,app,completed
TS-0000673,71007174,180515,home,2025-04-05T00:50:00Z,adult,1,420,web,completed
TS-0000674,71000017,180515,home,2025-04-29T06:54:00Z,student,2,290,app,completed
TS-0000675,71006664,180515,home,2025-01-19T20:48:00Z,adult,1,420,web,refunded
TS-0000676,71002057,180515,home,2025-05-01T07:51:00Z,adult,4,420,app,completed
TS-0000677,71005321,180515,home,2025-04-04T16:36:00Z,adult,2,420,app,cancelled
TS-0000678,71003281,180515,home,2025-05-06T18:32:00Z,adult,1,420,app,completed
TS-0000679,71001904,180515,home,2025-02-12T12:04:00Z,adult,2,420,web,completed
TS-0000680,71002295,180515,home,2025-05-06T17:59:00Z,adult,3,420,app,completed
TS-0000681,71004454,180515,home,2025-02-16T18:03:00Z,child,2,160,web,completed
TS-0000682,71006528,180515,home,2025-02-20T02:39:00Z,adult,2,420,app,completed
TS-0000683,71001836,180515,home,2025-04-24T02:47:00Z,adult,2,420,web,completed
TS-0000684,71000289,180515,home,2025-02-03T18:59:00Z,adult,2,420,app,completed
TS-0000685,71001870,180515,home,2025-04-06T11:45:00Z,adult,2,420,web,completed
TS-0000686,71000595,180515,home,2025-01-27T17:56:00Z,adult,2,420,web,completed
TS-0000687,71003655,180515,home,2025-03-29T07:40:00Z,adult,1,420,web,completed
TS-0000688,71003485,180515,home,2025-01-14T08:30:00Z,student,1,290,web,completed
TS-0000689,71004522,180515,home,2025-01-15T05:46:00Z,adult,3,420,box_office,completed
TS-0000690,71004335,180515,home,2025-03-29T15:53:00Z,adult,1,420,web,completed
TS-0000691,71006749,180515,home,2025-01-09T01:00:00Z,youth,2,240,box_office,completed
TS-0000692,71003570,180515,home,2025-02-27T06:49:00Z,adult,1,420,web,completed
TS-0000693,71006392,180515,home,2025-02-18T09:48:00Z,student,1,290,web,completed
TS-0000694,71003893,180515,home,2025-02-15T21:24:00Z,adult,4,420,web,completed
TS-0000695,71004114,180515,home,2025-03-17T10:56:00Z,child,3,160,web,completed
TS-0000696,71000085,180515,home,2025-01-11T01:56:00Z,student,3,290,web,completed
TS-0000697,71002278,180515,home,2025-05-06T17:43:00Z,adult,3,420,box_office,completed
TS-0000698,71003706,180515,home,2025-03-05T14:18:00Z,youth,1,240,web,completed
TS-0000699,71001479,180515,home,2025-05-06T20:07:00Z,student,1,290,web,completed
TS-0000700,71004947,180515,home,2025-04-19T04:02:00Z,adult,1,420,web,completed
TS-0000701,71004318,180515,home,2025-03-25T14:46:00Z,youth,3,240,box_office,completed
TS-0000702,71000153,180515,home,2025-04-04T12:59:00Z,student,1,290,app,completed
TS-0000703,71003468,180515,home,2025-05-07T22:27:00Z,youth,2,240,web,cancelled
TS-0000704,71000408,180515,home,2025-02-08T19:14:00Z,adult,1,420,web,completed
TS-0000705,71006732,180515,home,2025-04-29T09:11:00Z,adult,1,420,web,completed
TS-0000706,71003179,180515,home,2025-05-08T13:36:00Z,youth,2,240,app,completed
TS-0000707,71004301,180515,home,2025-02-06T02:36:00Z,student,1,290,web,completed
TS-0000708,71000442,180515,home,2025-05-08T02:37:00Z,student,2,290,web,completed
TS-0000709,71003808,180515,home,2025-03-10T11:19:00Z,youth,2,240,web,completed
TS-0000710,71000391,180515,home,2025-05-07T11:41:00Z,adult,1,420,web,completed
TS-0000711,71005015,180515,home,2025-01-18T14:13:00Z,adult,2,420,web,completed
TS-0000712,71003094,180515,home,2025-01-19T17:08:00Z,student,2,290,web,completed
TS-0000713,71005355,180515,home,2025-04-02T05:30:00Z,youth,2,240,web,completed
TS-0000714,71001649,180515,home,2025-05-06T09:21:00Z,adult,3,420,web,cancelled
TS-0000715,71006188,180515,home,2025-03-29T07:24:00Z,adult,2,420,app,completed
TS-0000716,71003213,180515,home,2025-02-02T11:11:00Z,adult,4,420,web,completed
TS-0000717,71006341,180515,home,2025-04-02T08:36:00Z,adult,3,420,web,completed
TS-0000718,71002805,180515,home,2025-05-06T14:38:00Z,child,2,160,web,completed
TS-0000719,71005763,180515,home,2025-02-22T04:03:00Z,youth,1,240,web,completed
TS-0000720,71000561,180515,home,2025-05-06T01:30:00Z,child,2,160,app,completed
TS-0000721,71000476,180515,home,2025-03-10T04:51:00Z,student,2,290,box_office,completed
TS-0000722,71006358,180515,home,2025-05-07T21:14:00Z,student,1,290,web,completed
TS-0000723,71000918,180515,home,2025-03-08T21:41:00Z,student,1,290,web,completed
TS-0000724,71006018,180515,home,2025-05-04T13:11:00Z,youth,1,240,web,completed
TS-0000725,71006307,180515,home,2025-05-06T19:35:00Z,adult,1,420,app,completed
TS-0000726,71000578,180515,home,2025-02-22T09:07:00Z,youth,1,240,app,completed
TS-0000727,71006239,180515,home,2025-04-09T12:50:00Z,student,1,290,web,cancelled
TS-0000728,71006579,180515,home,2025-03-07T21:14:00Z,child,2,160,box_office,completed
TS-0000729,71001700,180515,home,2025-05-07T20:05:00Z,adult,1,420,web,completed
TS-0000730,71005389,180515,home,2025-05-04T02:28:00Z,adult,2,420,web,completed
TS-0000731,71005576,180515,home,2025-05-08T04:09:00Z,student,1,290,web,completed
TS-0000732,71002822,180515,home,2025-04-23T06:28:00Z,adult,1,420,web,completed
TS-0000733,71006698,180515,home,2025-04-11T02:13:00Z,youth,2,240,web,completed
TS-0000734,71004675,180515,home,2025-04-13T01:05:00Z,student,1,290,web,refunded
TS-0000735,71000374,180515,home,2025-05-08T05:02:00Z,adult,2,420,web,completed
TS-0000736,71000272,180515,home,2025-01-17T16:29:00Z,adult,1,420,web,completed
TS-0000737,71002074,180515,home,2025-05-07T08:10:00Z,student,1,290,web,completed
TS-0000738,71003621,180515,home,2025-03-26T22:36:00Z,student,2,290,app,refunded
TS-0000739,71006052,180515,home,2025-04-29T21:48:00Z,adult,1,420,box_office,completed
TS-0000740,71006256,180515,home,2025-03-01T13:59:00Z,adult,4,420,app,completed
TS-0000741,71001632,180515,home,2025-03-22T21:34:00Z,adult,1,420,web,completed
TS-0000742,71004267,180515,home,2025-03-10T09:03:00Z,adult,2,420,web,completed
TS-0000743,71005236,180515,home,2025-05-07T14:12:00Z,adult,2,420,web,completed
TS-0000744,71000884,180515,home,2025-02-28T07:29:00Z,youth,2,240,app,completed
TS-0000745,71006120,180515,home,2025-03-22T15:49:00Z,student,3,290,app,completed
TS-0000746,71003247,180515,home,2025-01-17T00:05:00Z,adult,2,420,web,completed
TS-0000747,71001564,180515,home,2025-03-05T13:26:00Z,child,2,160,web,completed
TS-0000748,71001173,180515,home,2025-05-08T00:09:00Z,adult,1,420,app,completed
TS-0000749,71004573,180515,home,2025-02-19T21:51:00Z,adult,1,420,web,completed
TS-0000750,71006137,180515,home,2025-05-06T01:15:00Z,student,2,290,app,completed
TS-0000751,71001598,180515,home,2025-04-27T04:16:00Z,adult,2,420,app,completed
TS-0000752,71005117,180515,home,2025-02-09T00:52:00Z,adult,1,420,app,completed
TS-0000753,71006375,180515,home,2025-05-07T07:55:00Z,adult,4,420,web,completed
TS-0000754,71004012,180515,home,2025-05-07T04:44:00Z,adult,2,420,web,completed
TS-0000755,71006001,180515,home,2025-05-06T09:26:00Z,child,1,160,app,completed
TS-0000756,71001938,180515,home,2025-04-12T13:12:00Z,adult,1,420,web,completed
TS-0000757,71002125,180515,home,2025-05-06T14:51:00Z,student,1,290,app,completed
TS-0000758,71002652,180515,home,2025-04-24T13:45:00Z,student,1,290,app,completed
TS-0000759,71001496,180515,home,2025-05-08T03:26:00Z,student,1,290,web,completed
TS-0000760,71005508,180515,home,2025-02-22T08:09:00Z,adult,2,420,web,completed
TS-0000761,71002992,180515,home,2025-01-14T18:34:00Z,adult,2,420,app,completed
TS-0000762,71001819,180515,home,2025-02-16T08:03:00Z,student,1,290,box_office,refunded
TS-0000763,71007106,180515,home,2025-03-29T01:04:00Z,student,1,290,app,completed
TS-0000764,71005270,180515,home,2025-05-01T04:39:00Z,student,1,290,web,completed
TS-0000765,71004420,180515,home,2025-05-08T11:23:00Z,youth,4,240,web,completed
TS-0000766,71003434,180515,home,2025-05-06T18:49:00Z,adult,1,420,app,completed
TS-0000767,71003417,180515,home,2025-03-24T02:02:00Z,adult,4,420,web,completed
TS-0000768,71000221,180515,home,2025-05-05T20:45:00Z,student,2,290,box_office,completed
TS-0000769,71006766,180515,home,2025-05-07T07:21:00Z,adult,1,420,app,completed
TS-0000770,71006443,180515,home,2025-01-26T04:59:00Z,youth,1,240,app,completed
TS-0000771,71005049,180515,home,2025-02-22T01:29:00Z,adult,1,420,web,completed
TS-0000772,71005746,180515,home,2025-02-04T02:11:00Z,child,1,160,app,completed
TS-0000773,71007191,180515,home,2025-04-12T02:08:00Z,adult,1,420,app,completed
TS-0000774,71006171,180515,home,2025-03-16T01:03:00Z,adult,2,420,web,completed
TS-0000775,71000527,180515,home,2025-02-16T11:43:00Z,adult,2,420,web,completed
TS-0000776,71005491,180515,home,2025-02-17T18:06:00Z,adult,3,420,web,completed
TS-0000777,71003944,180515,home,2025-05-06T20:11:00Z,youth,2,240,box_office,completed
TS-0000778,71005729,180515,home,2025-03-07T02:49:00Z,adult,1,420,web,completed
TS-0000779,71001343,180515,home,2025-02-23T04:24:00Z,youth,1,240,web,completed
TS-0000780,71000544,180515,home,2025-02-26T14:18:00Z,adult,2,420,web,completed
TS-0000781,71006919,180515,home,2025-05-08T15:39:00Z,student,2,290,web,completed
TS-0000782,71004624,180515,home,2025-05-06T15:42:00Z,child,1,160,web,completed
TS-0000783,71002601,180515,home,2025-03-12T16:11:00Z,adult,2,420,app,completed
TS-0000784,71005219,180515,home,2025-03-09T22:20:00Z,youth,1,240,web,completed
TS-0000785,71001581,180515,home,2025-02-18T03:56:00Z,student,1,290,box_office,completed
TS-0000786,71005984,180515,home,2025-02-02T14:36:00Z,youth,2,240,app,completed
TS-0000787,71005814,180515,home,2025-01-27T12:29:00Z,student,1,290,web,completed
TS-0000788,71000255,180515,home,2025-04-19T06:25:00Z,student,3,290,box_office,completed
TS-0000789,71002346,180515,home,2025-05-07T21:15:00Z,adult,1,420,web,completed
TS-0000790,71000799,180515,home,2025-05-07T16:39:00Z,adult,1,420,app,completed
TS-0000791,71007021,180515,home,2025-02-14T01:59:00Z,adult,2,420,app,completed
TS-0000792,71006613,180515,home,2025-01-20T09:33:00Z,adult,1,420,web,completed
TS-0000793,71003043,180515,home,2025-04-05T03:22:00Z,youth,3,240,web,completed
TS-0000794,71003859,180515,home,2025-04-13T23:02:00Z,adult,1,420,app,completed
TS-0000795,71005950,180515,home,2025-03-21T01:10:00Z,adult,1,420,web,completed
TS-0000796,71007072,180515,home,2025-03-23T05:15:00Z,adult,1,420,web,completed
TS-0000797,71001088,180515,home,2025-01-12T18:07:00Z,adult,2,420,app,completed
TS-0000798,71003961,180515,home,2025-05-07T06:36:00Z,adult,1,420,app,completed
TS-0000799,71003077,180515,home,2025-05-07T03:38:00Z,adult,2,420,app,refunded
TS-0000800,71001530,180515,home,2025-01-09T16:34:00Z,child,1,160,web,completed
TS-0000801,71004250,180515,home,2025-05-06T18:09:00Z,adult,1,420,web,completed
TS-0000802,71007089,180515,home,2025-05-02T09:50:00Z,adult,2,420,web,completed
TS-0000803,71002329,180515,home,2025-02-19T10:42:00Z,adult,2,420,box_office,completed
TS-0000804,71003519,180515,home,2025-04-17T17:29:00Z,student,2,290,app,completed
TS-0000805,71007038,180515,home,2025-05-06T19:53:00Z,adult,1,420,web,completed
TS-0000806,71004981,180515,home,2025-03-22T15:21:00Z,student,1,290,web,completed
TS-0000807,71004437,180515,home,2025-03-22T23:38:00Z,youth,3,240,web,completed
TS-0000808,71004964,180515,home,2025-04-07T15:13:00Z,adult,1,420,app,refunded
TS-0000809,71006273,180515,home,2025-05-06T11:02:00Z,adult,1,420,web,completed
TS-0000810,71004930,180515,home,2025-01-10T17:36:00Z,youth,2,240,app,completed
TS-0000811,71005865,180515,home,2025-01-30T08:46:00Z,student,2,290,web,completed
TS-0000812,71005933,180515,home,2025-03-05T10:42:00Z,student,2,290,app,completed
TS-0000813,71006596,180515,home,2025-05-06T03:28:00Z,youth,1,240,web,completed
TS-0000814,71007055,180515,home,2025-05-05T02:58:00Z,adult,2,420,app,completed
TS-0000815,71002516,180515,home,2025-04-02T18:07:00Z,adult,1,420,app,completed
TS-0000816,71002363,180515,home,2025-03-13T15:58:00Z,adult,2,420,box_office,completed
TS-0000817,71000119,180515,home,2025-01-18T05:34:00Z,youth,1,240,box_office,completed
TS-0000818,71004607,180515,home,2025-02-08T13:03:00Z,student,2,290,web,completed
TS-0000819,71005253,180515,home,2025-03-13T19:07:00Z,youth,3,240,app,completed
TS-0000820,71002737,180515,home,2025-02-06T23:27:00Z,youth,2,240,app,completed
TS-0000821,71001122,180515,home,2025-01-30T00:04:00Z,child,4,160,app,completed
TS-0000822,71002618,180515,home,2025-01-24T01:09:00Z,student,1,290,app,completed
TS-0000823,71000068,180515,home,2025-04-09T11:10:00Z,youth,2,240,app,completed
TS-0000824,71006477,180515,home,2025-04-26T00:39:00Z,youth,1,240,app,completed
TS-0000825,71002244,180515,home,2025-02-24T21:25:00Z,adult,1,420,app,completed
TS-0000826,71002006,180515,home,2025-03-12T08:39:00Z,adult,2,420,web,completed
TS-0000827,71001513,180515,home,2025-05-04T08:00:00Z,adult,3,420,web,completed
TS-0000828,71006562,180515,home,2025-02-07T02:43:00Z,adult,2,420,box_office,completed
TS-0000829,71005406,180515,home,2025-03-08T03:23:00Z,adult,3,420,app,completed
TS-0000830,71004794,180515,home,2025-02-21T23:44:00Z,adult,1,420,web,completed
TS-0000831,71006545,180515,home,2025-05-08T15:55:00Z,youth,2,240,web,completed
TS-0000832,71007157,180515,home,2025-03-28T06:57:00Z,student,4,290,web,completed
TS-0000833,71005100,180515,home,2025-05-07T19:10:00Z,child,1,160,web,completed
TS-0000834,71003383,180515,home,2025-04-27T02:50:00Z,adult,3,420,app,completed
TS-0000835,71007140,180515,home,2025-03-18T19:30:00Z,youth,4,240,web,completed
TS-0000836,71000238,180515,home,2025-05-08T03:48:00Z,youth,2,240,app,completed
TS-0000837,71005440,180515,home,2025-05-07T07:56:00Z,adult,1,420,box_office,refunded
TS-0000838,71000748,180515,home,2025-05-07T05:38:00Z,student,2,290,app,completed
TS-0000839,71002958,180515,home,2025-05-08T13:05:00Z,student,1,290,web,completed
TS-0000840,71002533,180515,home,2025-01-10T21:02:00Z,student,1,290,web,completed
TS-0000841,71000765,180515,home,2025-05-08T05:39:00Z,youth,1,240,app,completed
TS-0000842,71002159,180515,home,2025-05-07T13:36:00Z,adult,2,420,app,completed
TS-0000843,71005525,180515,home,2025-01-23T22:52:00Z,adult,1,420,web,completed
TS-0000844,71001921,180515,home,2025-04-19T08:58:00Z,adult,1,420,web,completed
TS-0000845,71005304,180515,home,2025-03-31T14:27:00Z,adult,2,420,web,completed
TS-0000846,71005066,180515,home,2025-02-18T09:05:00Z,youth,2,240,web,completed
TS-0000847,71000051,180515,home,2025-04-15T19:19:00Z,student,2,290,app,completed
TS-0000848,71004913,180515,home,2025-01-09T10:22:00Z,adult,1,420,app,completed
TS-0000849,71004862,180515,home,2025-03-10T12:50:00Z,student,1,290,web,completed
TS-0000850,71004165,180515,home,2025-02-05T15:52:00Z,adult,2,420,app,completed
TS-0000851,71002312,180515,home,2025-02-04T15:00:00Z,adult,2,420,app,completed
TS-0000852,71000204,180515,home,2025-01-25T05:36:00Z,adult,2,420,web,completed
TS-0000853,71001224,180515,home,2025-02-22T22:04:00Z,student,2,290,app,completed
TS-0000854,71004726,180515,home,2025-02-12T18:02:00Z,adult,1,420,web,completed
TS-0000855,71004760,180515,home,2025-05-07T09:17:00Z,youth,1,240,app,completed
TS-0000856,71001683,180515,home,2025-01-14T15:44:00Z,student,2,290,box_office,cancelled
TS-0000857,71006154,180515,home,2025-04-03T18:19:00Z,youth,4,240,web,completed
TS-0000858,71005338,180515,home,2025-03-25T10:41:00Z,adult,2,420,app,completed
TS-0000859,71001428,180515,home,2025-03-15T07:34:00Z,student,1,290,app,completed
TS-0000860,71000697,180515,home,2025-02-25T13:18:00Z,adult,2,420,app,completed
TS-0000861,71005899,180515,home,2025-01-29T02:53:00Z,student,3,290,app,completed
TS-0000862,71003400,180515,home,2025-02-26T13:59:00Z,adult,1,420,app,completed
TS-0000863,71000935,180515,home,2025-03-25T08:55:00Z,student,2,290,web,completed
TS-0000864,71004199,180515,home,2025-02-07T00:29:00Z,adult,2,420,app,completed
TS-0000865,71000714,180515,home,2025-05-08T00:26:00Z,adult,3,420,web,cancelled
TS-0000866,71001734,180515,home,2025-02-22T18:56:00Z,child,4,160,web,completed
TS-0000867,71002448,180515,home,2025-04-04T12:21:00Z,adult,1,420,web,completed
TS-0000868,71005610,180515,home,2025-01-09T02:06:00Z,adult,1,420,app,completed
TS-0000869,71006817,180515,home,2025-05-06T14:18:00Z,student,1,290,web,completed
TS-0000870,71004352,180515,home,2025-05-07T10:39:00Z,adult,2,420,app,completed
TS-0000871,71003060,180515,home,2025-01-08T19:44:00Z,adult,1,420,web,completed
TS-0000872,71003298,180515,home,2025-02-28T11:28:00Z,child,1,160,app,completed
TS-0000873,71005474,180515,home,2025-02-08T17:57:00Z,student,2,290,app,completed
TS-0000874,71003264,180515,home,2025-05-08T14:55:00Z,youth,1,240,app,completed
TS-0000875,71001547,180515,home,2025-01-29T10:31:00Z,adult,2,420,app,completed
TS-0000876,71006069,180515,home,2025-02-05T00:36:00Z,child,1,160,app,completed
TS-0000877,71005372,180515,home,2025-02-14T06:08:00Z,adult,1,420,app,completed
TS-0000878,71004743,180515,home,2025-05-06T17:16:00Z,student,4,290,web,completed
TS-0000879,71006409,180515,home,2025-03-21T17:55:00Z,adult,1,420,web,completed
TS-0000880,71001037,180515,home,2025-03-19T11:23:00Z,youth,2,240,app,completed
TS-0000881,71005542,180515,home,2025-04-03T19:56:00Z,youth,1,240,box_office,completed
TS-0000882,71004284,180515,home,2025-05-05T18:52:00Z,youth,2,240,web,completed
TS-0000883,71006681,180515,home,2025-01-16T12:06:00Z,adult,1,420,app,completed
TS-0000884,71007208,180515,home,2025-01-29T15:08:00Z,adult,2,420,box_office,completed
TS-0000885,71004845,180515,home,2025-01-28T09:10:00Z,student,1,290,web,completed
TS-0000886,71001972,180515,home,2025-01-24T04:51:00Z,adult,2,420,web,completed
TS-0000887,71005967,180515,home,2025-01-10T12:59:00Z,adult,1,420,web,completed
TS-0000888,71002669,180515,home,2025-03-23T22:24:00Z,adult,1,420,web,completed
TS-0000889,71000306,180515,home,2025-05-03T11:53:00Z,student,2,290,web,completed
TS-0000890,71003315,180515,home,2025-03-02T04:18:00Z,adult,1,420,web,completed
TS-0000891,71004811,180515,home,2025-04-19T21:55:00Z,adult,4,420,app,completed
TS-0000892,71004080,180515,home,2025-05-08T11:46:00Z,adult,1,420,web,completed
TS-0000893,71002941,180515,home,2025-03-03T04:50:00Z,adult,2,420,web,completed
TS-0000894,71002431,180515,home,2025-03-22T20:07:00Z,adult,2,420,web,completed
TS-0000895,71000850,180515,home,2025-05-08T01:00:00Z,adult,3,420,web,completed
TS-0000896,71005202,180515,home,2025-05-06T17:32:00Z,student,1,290,web,completed
TS-0000897,71003604,180515,home,2025-04-08T05:16:00Z,child,1,160,box_office,completed
TS-0000898,71002482,180515,home,2025-03-26T07:35:00Z,student,1,290,web,completed
TS-0000899,71002788,180515,home,2025-03-14T20:08:00Z,adult,2,420,web,completed
TS-0000900,71002023,180515,home,2025-02-27T02:11:00Z,child,2,160,web,completed
TS-0000901,71006426,180515,home,2025-01-18T02:10:00Z,adult,1,420,web,completed
TS-0000902,71004641,180515,home,2025-05-06T22:33:00Z,adult,2,420,web,completed
TS-0000903,71004879,180515,home,2025-01-29T23:35:00Z,adult,1,420,web,completed
TS-0000904,71003774,180515,home,2025-03-06T09:11:00Z,adult,2,420,web,refunded
TS-0000905,71000493,180515,home,2025-05-06T06:11:00Z,adult,1,420,web,completed
TS-0000906,71001445,180515,home,2025-03-07T02:56:00Z,youth,1,240,web,completed
TS-0000907,71002465,180515,home,2025-01-19T02:27:00Z,adult,1,420,app,completed
TS-0000908,71000017,197209,away,2025-07-07T18:07:00Z,student,3,250,app,refunded
TS-0000909,71001428,197209,away,2025-08-15T07:46:00Z,adult,1,360,web,completed
TS-0000910,71004352,197209,away,2025-08-15T07:06:00Z,student,3,250,app,completed
TS-0000911,71000425,197209,away,2025-06-12T14:19:00Z,adult,2,360,web,completed
TS-0000912,71006392,197209,away,2025-08-08T00:08:00Z,student,1,250,web,completed
TS-0000913,71000255,197209,away,2025-08-24T01:59:00Z,child,1,140,box_office,refunded
TS-0000914,71006341,197209,away,2025-07-05T18:01:00Z,student,1,250,app,completed
TS-0000915,71000901,197209,away,2025-08-09T06:01:00Z,child,3,140,web,completed
TS-0000916,71005389,197209,away,2025-07-26T16:31:00Z,student,1,250,app,completed
TS-0000917,71005559,197209,away,2025-09-12T14:41:00Z,adult,2,360,box_office,completed
TS-0000918,71003536,197209,away,2025-07-29T08:38:00Z,adult,2,360,web,completed
TS-0000919,71006511,197209,away,2025-06-16T15:37:00Z,adult,4,360,web,completed
TS-0000920,71003043,197209,away,2025-09-16T18:10:00Z,adult,2,360,web,completed
TS-0000921,71000051,197209,away,2025-08-29T16:03:00Z,student,1,250,web,completed
TS-0000922,71005933,197209,away,2025-06-20T01:20:00Z,student,3,250,app,completed
TS-0000923,71001173,197209,away,2025-09-16T21:00:00Z,adult,2,360,app,refunded
TS-0000924,71002992,197209,away,2025-07-11T22:37:00Z,student,4,250,web,completed
TS-0000925,71005525,197209,away,2025-07-16T22:35:00Z,adult,2,360,app,completed
TS-0000926,71005083,197209,away,2025-09-11T07:06:00Z,adult,2,360,app,completed
TS-0000927,71000833,197209,away,2025-06-10T13:49:00Z,child,1,140,web,completed
TS-0000928,71001394,197209,away,2025-06-26T16:45:00Z,student,2,250,box_office,completed
TS-0000929,71003230,197209,away,2025-07-08T22:05:00Z,adult,2,360,web,completed
TS-0000930,71002210,197209,away,2025-07-22T20:48:00Z,adult,3,360,app,completed
TS-0000931,71005661,197209,away,2025-07-20T09:31:00Z,adult,1,360,web,completed
TS-0000932,71002278,197209,away,2025-09-16T00:18:00Z,student,2,250,app,completed
TS-0000933,71005797,197209,away,2025-09-16T23:54:00Z,adult,3,360,web,completed
TS-0000934,71003060,197209,away,2025-09-11T08:34:00Z,youth,1,200,app,cancelled
TS-0000935,71001207,197209,away,2025-07-05T08:30:00Z,student,2,250,web,completed
TS-0000936,71002040,197209,away,2025-06-21T14:17:00Z,adult,1,360,web,completed
TS-0000937,71004658,197209,away,2025-06-10T17:30:00Z,adult,3,360,app,completed
TS-0000938,71005916,197209,away,2025-08-11T07:30:00Z,youth,2,200,web,completed
TS-0000939,71005474,197209,away,2025-08-19T23:33:00Z,adult,2,360,web,completed
TS-0000940,71003944,197209,away,2025-09-16T04:56:00Z,child,4,140,web,cancelled
TS-0000941,71003349,197209,away,2025-09-07T05:01:00Z,adult,3,360,app,completed
TS-0000942,71004199,197209,away,2025-09-16T04:52:00Z,adult,1,360,web,completed
TS-0000943,71000578,197209,away,2025-09-15T02:59:00Z,youth,3,200,web,completed
TS-0000944,71003111,197209,away,2025-06-03T03:33:00Z,adult,3,360,app,completed
TS-0000945,71006630,197209,away,2025-05-26T22:54:00Z,adult,1,360,app,completed
TS-0000946,71006494,197209,away,2025-09-17T00:09:00Z,youth,1,200,app,completed
TS-0000947,71004726,197209,away,2025-06-15T10:05:00Z,youth,1,200,box_office,completed
TS-0000948,71002720,197209,away,2025-05-30T12:53:00Z,child,1,140,web,completed
TS-0000949,71000782,197209,away,2025-07-29T04:08:00Z,adult,1,360,box_office,completed
TS-0000950,71004896,197209,away,2025-08-21T02:44:00Z,student,3,250,web,completed
TS-0000951,71006919,197209,away,2025-09-15T11:08:00Z,adult,1,360,web,completed
TS-0000952,71002227,197209,away,2025-06-10T15:17:00Z,adult,1,360,box_office,refunded
TS-0000953,71005423,197209,away,2025-09-15T16:26:00Z,youth,1,200,web,completed
TS-0000954,71006205,197209,away,2025-08-10T14:56:00Z,adult,1,360,web,completed
TS-0000955,71001632,197209,away,2025-08-10T02:34:00Z,adult,2,360,web,cancelled
TS-0000956,71003910,197209,away,2025-09-15T19:08:00Z,adult,4,360,web,completed
TS-0000957,71003196,197209,away,2025-09-15T23:15:00Z,adult,2,360,web,completed
TS-0000958,71000493,197209,away,2025-07-30T02:59:00Z,adult,2,360,web,completed
TS-0000959,71006409,197209,away,2025-07-06T04:42:00Z,adult,3,360,web,refunded
TS-0000960,71001071,197209,away,2025-08-06T21:20:00Z,child,2,140,web,completed
TS-0000961,71003519,197209,away,2025-06-19T19:10:00Z,adult,1,360,web,completed
TS-0000962,71005321,197209,away,2025-07-09T08:04:00Z,adult,3,360,app,completed
TS-0000963,71005015,197209,away,2025-08-18T13:11:00Z,adult,1,360,app,completed
TS-0000964,71005984,197209,away,2025-09-16T23:51:00Z,youth,1,200,box_office,completed
TS-0000965,71005967,197209,away,2025-07-11T08:48:00Z,adult,1,360,web,completed
TS-0000966,71001326,197209,away,2025-09-16T00:01:00Z,student,1,250,web,completed
TS-0000967,71001190,197209,away,2025-09-15T01:40:00Z,youth,1,200,web,completed
TS-0000968,71003485,197209,away,2025-09-17T06:08:00Z,adult,1,360,web,refunded
TS-0000969,71001955,197209,away,2025-09-16T08:35:00Z,child,3,140,app,completed
TS-0000970,71003026,197209,away,2025-09-12T01:52:00Z,adult,1,360,app,completed
TS-0000971,71002482,197209,away,2025-07-30T17:31:00Z,student,3,250,app,completed
TS-0000972,71002125,197209,away,2025-05-25T07:33:00Z,adult,2,360,web,completed
TS-0000973,71002737,197209,away,2025-09-03T12:47:00Z,adult,2,360,web,completed
TS-0000974,71004964,197209,away,2025-05-24T09:55:00Z,adult,2,360,web,completed
TS-0000975,71000646,197209,away,2025-09-17T02:55:00Z,child,2,140,web,completed
TS-0000976,71006970,197209,away,2025-09-14T18:29:00Z,adult,1,360,app,completed
TS-0000977,71000085,197209,away,2025-07-03T10:11:00Z,adult,3,360,web,completed
TS-0000978,71000527,197209,away,2025-08-19T10:21:00Z,child,1,140,app,completed
TS-0000979,71000408,197209,away,2025-07-05T23:19:00Z,child,2,140,web,completed
TS-0000980,71000204,197209,away,2025-06-04T22:38:00Z,student,3,250,app,completed
TS-0000981,71005440,197209,away,2025-07-05T11:06:00Z,student,2,250,web,refunded
TS-0000982,71003740,197209,away,2025-06-09T16:18:00Z,student,4,250,app,completed
TS-0000983,71004641,197209,away,2025-09-15T21:08:00Z,student,1,250,box_office,completed
TS-0000984,71005746,197209,away,2025-06-04T23:20:00Z,youth,1,200,web,completed
TS-0000985,71006460,197209,away,2025-06-08T04:43:00Z,adult,2,360,web,completed
TS-0000986,71002499,197209,away,2025-07-31T11:40:00Z,student,1,250,app,completed
TS-0000987,71002329,197209,away,2025-09-08T00:01:00Z,adult,1,360,app,completed
TS-0000988,71005695,197209,away,2025-06-18T07:51:00Z,youth,3,200,web,completed
TS-0000989,71000952,197209,away,2025-07-14T05:06:00Z,youth,1,200,web,completed
TS-0000990,71005168,197209,away,2025-06-27T10:20:00Z,youth,1,200,web,completed
TS-0000991,71004930,197209,away,2025-09-03T19:38:00Z,child,3,140,web,completed
TS-0000992,71001972,197209,away,2025-07-11T18:44:00Z,youth,1,200,web,completed
TS-0000993,71002856,197209,away,2025-05-22T01:34:00Z,adult,1,360,web,completed
TS-0000994,71003757,197209,away,2025-07-07T16:56:00Z,student,1,250,web,completed
TS-0000995,71003893,197209,away,2025-07-01T20:53:00Z,adult,1,360,app,completed
TS-0000996,71002839,197209,away,2025-05-31T15:51:00Z,student,2,250,web,completed
TS-0000997,71000697,197209,away,2025-09-17T10:56:00Z,student,1,250,web,completed
TS-0000998,71003009,197209,away,2025-06-28T12:13:00Z,student,2,250,web,completed
TS-0000999,71004250,197209,away,2025-06-16T21:07:00Z,adult,2,360,web,completed
TS-0001000,71000238,197209,away,2025-09-16T07:34:00Z,youth,1,200,app,completed
TS-0001001,71005729,197209,away,2025-09-04T00:06:00Z,adult,1,360,web,completed
TS-0001002,71002346,197209,away,2025-07-29T01:15:00Z,adult,2,360,web,completed
TS-0001003,71004811,197209,away,2025-06-19T16:21:00Z,adult,1,360,web,completed
TS-0001004,71005457,197209,away,2025-09-16T14:38:00Z,adult,2,360,box_office,completed
TS-0001005,71002958,197209,away,2025-07-21T22:14:00Z,adult,1,360,app,refunded
TS-0001006,71000391,197209,away,2025-06-01T22:40:00Z,student,2,250,web,completed
TS-0001007,71003604,197209,away,2025-06-06T18:01:00Z,adult,1,360,app,completed
TS-0001008,71002295,197209,away,2025-08-20T23:01:00Z,youth,3,200,app,completed
TS-0001009,71000595,197209,away,2025-07-19T03:42:00Z,youth,2,200,web,completed
TS-0001010,71006783,197209,away,2025-09-17T05:18:00Z,adult,2,360,box_office,completed
TS-0001011,71000221,197209,away,2025-07-22T05:12:00Z,adult,1,360,web,completed
TS-0001012,71000935,197209,away,2025-06-13T07:35:00Z,adult,2,360,app,completed
TS-0001013,71006783,200468,home,2025-06-20T08:06:00Z,adult,4,420,web,completed
TS-0001014,71000578,200468,home,2025-07-29T04:55:00Z,adult,1,420,app,completed
TS-0001015,71006409,200468,home,2025-07-25T23:34:00Z,student,1,290,web,completed
TS-0001016,71000765,200468,home,2025-09-28T13:52:00Z,adult,1,420,box_office,completed
TS-0001017,71006749,200468,home,2025-09-18T12:59:00Z,child,4,160,web,completed
TS-0001018,71006630,200468,home,2025-09-28T12:06:00Z,adult,2,420,web,completed
TS-0001019,71003332,200468,home,2025-09-15T05:09:00Z,adult,2,420,web,completed
TS-0001020,71006477,200468,home,2025-09-29T21:15:00Z,adult,3,420,app,completed
TS-0001021,71001445,200468,home,2025-06-24T04:29:00Z,adult,4,420,web,completed
TS-0001022,71001224,200468,home,2025-08-31T02:33:00Z,adult,1,420,web,completed
TS-0001023,71000935,200468,home,2025-09-05T09:13:00Z,adult,3,420,app,completed
TS-0001024,71001241,200468,home,2025-09-28T12:02:00Z,child,4,160,app,completed
TS-0001025,71002584,200468,home,2025-08-20T08:46:00Z,student,2,290,app,completed
TS-0001026,71006239,200468,home,2025-09-09T15:32:00Z,adult,2,420,app,completed
TS-0001027,71001003,200468,home,2025-09-06T12:52:00Z,adult,1,420,web,completed
TS-0001028,71002686,200468,home,2025-09-30T10:32:00Z,child,2,160,box_office,completed
TS-0001029,71004709,200468,home,2025-08-12T19:13:00Z,student,1,290,web,cancelled
TS-0001030,71000272,200468,home,2025-09-07T08:26:00Z,student,1,290,web,completed
TS-0001031,71005253,200468,home,2025-06-15T08:41:00Z,youth,2,240,web,cancelled
TS-0001032,71006426,200468,home,2025-08-17T01:36:00Z,student,1,290,web,completed
TS-0001033,71004471,200468,home,2025-09-30T14:01:00Z,youth,1,240,app,completed
TS-0001034,71005321,200468,home,2025-07-15T08:36:00Z,child,2,160,box_office,completed
TS-0001035,71005406,200468,home,2025-06-26T03:50:00Z,adult,2,420,app,completed
TS-0001036,71002533,200468,home,2025-08-18T16:38:00Z,adult,1,420,web,completed
TS-0001037,71006579,200468,home,2025-07-20T03:08:00Z,adult,2,420,app,completed
TS-0001038,71003111,200468,home,2025-08-08T20:56:00Z,adult,1,420,web,completed
TS-0001039,71005882,200468,home,2025-06-23T13:28:00Z,youth,2,240,web,completed
TS-0001040,71004216,200468,home,2025-09-05T08:28:00Z,adult,1,420,web,completed
TS-0001041,71000051,200468,home,2025-09-17T05:24:00Z,adult,1,420,web,completed
TS-0001042,71001020,200468,home,2025-09-29T11:01:00Z,youth,1,240,web,completed
TS-0001043,71005984,200468,home,2025-06-17T19:56:00Z,student,1,290,app,completed
TS-0001044,71003060,200468,home,2025-08-01T02:29:00Z,child,3,160,app,completed
TS-0001045,71001547,200468,home,2025-06-14T01:48:00Z,adult,2,420,web,completed
TS-0001046,71004845,200468,home,2025-07-13T04:07:00Z,adult,2,420,web,completed
TS-0001047,71001122,200468,home,2025-09-08T18:06:00Z,adult,3,420,web,completed
TS-0001048,71000969,200468,home,2025-08-10T17:39:00Z,child,1,160,app,completed
TS-0001049,71004063,200468,home,2025-07-29T13:48:00Z,child,1,160,app,completed
TS-0001050,71007123,200468,home,2025-09-09T13:19:00Z,youth,1,240,box_office,completed
TS-0001051,71002890,200468,home,2025-07-27T11:52:00Z,adult,2,420,web,completed
TS-0001052,71002652,200468,home,2025-08-26T02:25:00Z,youth,1,240,web,completed
TS-0001053,71003910,200468,home,2025-07-24T04:31:00Z,adult,1,420,web,completed
TS-0001054,71006800,200468,home,2025-07-28T04:48:00Z,student,2,290,web,completed
TS-0001055,71004352,200468,home,2025-07-27T15:40:00Z,adult,1,420,web,completed
TS-0001056,71006307,200468,home,2025-08-10T18:51:00Z,student,1,290,app,completed
TS-0001057,71003842,200468,home,2025-09-29T09:16:00Z,adult,2,420,web,completed
TS-0001058,71002499,200468,home,2025-08-09T22:48:00Z,adult,3,420,web,completed
TS-0001059,71005066,200468,home,2025-09-27T01:42:00Z,youth,2,240,web,completed
TS-0001060,71001462,200468,home,2025-07-31T03:34:00Z,adult,3,420,web,completed
TS-0001061,71000918,200468,home,2025-07-25T10:52:00Z,adult,2,420,app,completed
TS-0001062,71005117,200468,home,2025-07-08T01:48:00Z,child,1,160,app,completed
TS-0001063,71002431,200468,home,2025-07-20T10:12:00Z,adult,4,420,web,completed
TS-0001064,71005372,200468,home,2025-06-22T17:23:00Z,child,2,160,web,completed
TS-0001065,71001734,200468,home,2025-09-10T13:27:00Z,student,1,290,web,completed
TS-0001066,71004046,200468,home,2025-07-29T17:03:00Z,student,2,290,web,completed
TS-0001067,71004335,200468,home,2025-07-16T08:16:00Z,student,2,290,app,completed
TS-0001068,71003026,200468,home,2025-07-22T01:04:00Z,adult,1,420,app,completed
TS-0001069,71002771,200468,home,2025-08-30T23:13:00Z,adult,1,420,web,completed
TS-0001070,71003638,200468,home,2025-07-19T13:27:00Z,youth,1,240,web,completed
TS-0001071,71002397,200468,home,2025-09-30T01:27:00Z,adult,1,420,web,completed
TS-0001072,71002822,200468,home,2025-09-01T02:36:00Z,adult,3,420,app,completed
TS-0001073,71006715,200468,home,2025-06-11T10:46:00Z,child,1,160,app,cancelled
TS-0001074,71005015,200468,home,2025-09-29T00:04:00Z,youth,1,240,web,completed
TS-0001075,71002023,200468,home,2025-06-21T05:16:00Z,student,1,290,web,completed
TS-0001076,71007021,200468,home,2025-07-10T21:41:00Z,adult,2,420,web,completed
TS-0001077,71005712,200468,home,2025-09-30T06:07:00Z,adult,3,420,web,completed
TS-0001078,71004726,200468,home,2025-08-28T22:54:00Z,adult,1,420,web,completed
TS-0001079,71004182,200468,home,2025-07-09T19:34:00Z,student,1,290,web,completed
TS-0001080,71007106,200468,home,2025-09-05T23:55:00Z,adult,2,420,app,refunded
TS-0001081,71001088,200468,home,2025-08-05T02:24:00Z,student,2,290,web,completed
TS-0001082,71003451,200468,home,2025-06-10T13:24:00Z,adult,2,420,app,completed
TS-0001083,71002176,200468,home,2025-06-26T10:08:00Z,youth,1,240,app,completed
TS-0001084,71004318,200468,home,2025-09-16T13:29:00Z,child,1,160,web,cancelled
TS-0001085,71004828,200468,home,2025-08-16T18:08:00Z,adult,1,420,box_office,completed
TS-0001086,71000782,200468,home,2025-07-22T00:06:00Z,child,3,160,web,completed
TS-0001087,71005644,200468,home,2025-09-29T16:19:00Z,student,1,290,web,completed
TS-0001088,71006443,200468,home,2025-09-20T04:54:00Z,child,3,160,app,completed
TS-0001089,71007089,200468,home,2025-07-15T04:30:00Z,adult,2,420,box_office,refunded
TS-0001090,71002941,200468,home,2025-09-07T12:13:00Z,adult,1,420,web,completed
TS-0001091,71001938,200468,home,2025-07-24T04:09:00Z,adult,1,420,web,completed
TS-0001092,71002193,200468,home,2025-09-29T22:54:00Z,adult,2,420,box_office,completed
TS-0001093,71006664,200468,home,2025-07-02T20:55:00Z,adult,2,420,box_office,completed
TS-0001094,71001139,200468,home,2025-08-09T13:25:00Z,child,2,160,app,refunded
TS-0001095,71007191,200468,home,2025-09-28T03:38:00Z,child,2,160,web,completed
TS-0001096,71001173,200468,home,2025-09-30T12:05:00Z,adult,2,420,web,completed
TS-0001097,71000289,200468,home,2025-08-18T09:46:00Z,adult,2,420,app,completed
TS-0001098,71003995,200468,home,2025-08-09T20:01:00Z,adult,3,420,box_office,completed
TS-0001099,71002295,200468,home,2025-09-29T00:55:00Z,adult,2,420,web,completed
TS-0001100,71001802,200468,home,2025-06-28T03:35:00Z,youth,1,240,web,completed
TS-0001101,71007038,200468,home,2025-09-08T10:24:00Z,adult,4,420,app,completed
TS-0001102,71004539,200468,home,2025-09-27T18:28:00Z,adult,1,420,app,completed
TS-0001103,71004386,200468,home,2025-09-30T01:58:00Z,adult,1,420,app,completed
TS-0001104,71005780,200468,home,2025-09-27T21:50:00Z,adult,1,420,web,completed
TS-0001105,71003009,200468,home,2025-09-29T15:50:00Z,adult,1,420,web,completed
TS-0001106,71000901,200468,home,2025-06-22T04:50:00Z,youth,1,240,web,completed
TS-0001107,71003502,200468,home,2025-08-07T23:21:00Z,adult,1,420,web,completed
TS-0001108,71002992,200468,home,2025-08-02T14:33:00Z,adult,2,420,box_office,completed
TS-0001109,71002720,200468,home,2025-08-19T20:40:00Z,child,1,160,web,completed
TS-0001110,71006987,200468,home,2025-08-27T15:24:00Z,adult,2,420,web,completed
TS-0001111,71006698,200468,home,2025-08-05T10:20:00Z,youth,1,240,app,completed
TS-0001112,71004624,200468,home,2025-06-05T02:00:00Z,youth,1,240,app,completed
TS-0001113,71006919,200468,home,2025-06-09T05:29:00Z,youth,2,240,web,completed
TS-0001114,71000867,200468,home,2025-07-03T16:33:00Z,adult,2,420,app,completed
TS-0001115,71003417,200468,home,2025-07-14T06:55:00Z,child,3,160,app,completed
TS-0001116,71000068,200468,home,2025-09-30T11:54:00Z,adult,1,420,app,completed
TS-0001117,71005338,200468,home,2025-08-24T09:43:00Z,youth,3,240,box_office,completed
TS-0001118,71006103,200468,home,2025-06-07T05:43:00Z,adult,1,420,app,completed
TS-0001119,71004879,200468,home,2025-09-20T01:20:00Z,adult,1,420,app,completed
TS-0001120,71004964,200468,home,2025-09-23T15:28:00Z,adult,2,420,web,completed
TS-0001121,71004811,200468,home,2025-09-09T12:41:00Z,adult,3,420,app,completed
TS-0001122,71002669,200468,home,2025-09-12T09:57:00Z,adult,1,420,web,completed
TS-0001123,71004573,200468,home,2025-09-27T20:29:00Z,student,2,290,web,completed
TS-0001124,71003621,200468,home,2025-07-15T11:24:00Z,adult,3,420,web,completed
TS-0001125,71005746,200468,home,2025-08-25T07:47:00Z,adult,3,420,web,completed
TS-0001126,71005219,200468,home,2025-08-05T06:17:00Z,child,2,160,app,completed
TS-0001127,71001683,200468,home,2025-09-29T14:44:00Z,adult,2,420,box_office,completed
TS-0001128,71006290,200468,home,2025-09-28T03:25:00Z,adult,1,420,app,completed
TS-0001129,71000986,200468,home,2025-08-05T10:47:00Z,adult,2,420,web,completed
TS-0001130,71001700,200468,home,2025-08-05T02:44:00Z,student,1,290,web,completed
TS-0001131,71003808,200468,home,2025-06-29T10:41:00Z,adult,1,420,web,completed
TS-0001132,71007072,200468,home,2025-09-28T01:52:00Z,youth,3,240,web,completed
TS-0001133,71000714,200468,home,2025-09-21T13:37:00Z,child,1,160,web,completed
TS-0001134,71002788,200468,home,2025-09-06T03:40:00Z,adult,2,420,web,refunded
TS-0001135,71001598,200468,home,2025-09-28T03:46:00Z,adult,1,420,web,completed
TS-0001136,71003315,200468,home,2025-07-28T13:16:00Z,student,2,290,app,completed
TS-0001137,71001904,200468,home,2025-06-22T01:03:00Z,student,1,290,app,cancelled
TS-0001138,71005355,200468,home,2025-09-24T12:48:00Z,adult,2,420,app,completed
TS-0001139,71007004,200468,home,2025-09-29T13:32:00Z,youth,1,240,app,cancelled
TS-0001140,71001292,200468,home,2025-09-29T11:38:00Z,adult,1,420,web,completed
TS-0001141,71006375,200468,home,2025-09-28T14:39:00Z,adult,1,420,web,completed
TS-0001142,71003128,200468,home,2025-09-16T14:54:00Z,youth,1,240,web,completed
TS-0001143,71003944,200468,home,2025-09-29T15:23:00Z,adult,4,420,web,completed
TS-0001144,71004947,200468,home,2025-08-28T08:46:00Z,student,3,290,app,completed
TS-0001145,71004607,200468,home,2025-09-11T10:33:00Z,youth,3,240,web,completed
TS-0001146,71005729,200468,home,2025-06-25T14:11:00Z,youth,4,240,web,completed
TS-0001147,71005151,200468,home,2025-09-29T03:05:00Z,adult,3,420,box_office,completed
TS-0001148,71006562,200468,home,2025-08-12T19:29:00Z,adult,1,420,web,completed
TS-0001149,71006069,200468,home,2025-09-29T04:26:00Z,adult,1,420,app,completed
TS-0001150,71002924,200468,home,2025-06-26T08:39:00Z,adult,2,420,web,completed
TS-0001151,71004080,200468,home,2025-08-30T18:53:00Z,adult,3,420,web,completed
TS-0001152,71000306,200468,home,2025-06-10T09:09:00Z,adult,2,420,web,completed
TS-0001153,71007055,200468,home,2025-08-04T10:53:00Z,adult,4,420,web,completed
TS-0001154,71000561,200468,home,2025-08-23T04:48:00Z,child,2,160,web,refunded
TS-0001155,71001156,200468,home,2025-09-30T14:03:00Z,adult,1,420,box_office,completed
TS-0001156,71002329,200468,home,2025-06-19T12:25:00Z,youth,2,240,web,completed
TS-0001157,71004862,200468,home,2025-07-05T04:05:00Z,adult,1,420,web,completed
TS-0001158,71004794,200468,home,2025-07-09T03:27:00Z,adult,2,420,app,completed
TS-0001159,71001190,200468,home,2025-06-11T04:05:00Z,child,1,160,web,completed
TS-0001160,71005440,200468,home,2025-08-25T19:48:00Z,adult,3,420,web,completed
TS-0001161,71006902,200468,home,2025-09-29T06:08:00Z,adult,3,420,app,completed
TS-0001162,71000085,200468,home,2025-09-25T08:03:00Z,adult,1,420,web,completed
TS-0001163,71003570,200468,home,2025-09-29T19:58:00Z,adult,3,420,web,completed
TS-0001164,71001989,200468,home,2025-09-10T15:15:00Z,adult,1,420,web,completed
TS-0001165,71000442,200468,home,2025-09-29T10:22:00Z,adult,2,420,web,completed
TS-0001166,71006834,200468,home,2025-09-29T21:46:00Z,adult,1,420,web,refunded
TS-0001167,71003468,200468,home,2025-09-07T23:28:00Z,student,1,290,web,completed
TS-0001168,71000476,200468,home,2025-09-29T01:17:00Z,adult,2,420,web,completed
TS-0001169,71004369,200468,home,2025-08-13T20:42:00Z,adult,1,420,web,completed
TS-0001170,71003349,200468,home,2025-07-01T05:54:00Z,adult,4,420,web,completed
TS-0001171,71000357,200468,home,2025-07-12T22:33:00Z,student,3,290,app,completed
TS-0001172,71001496,200468,home,2025-08-30T12:13:00Z,adult,2,420,web,cancelled
TS-0001173,71004233,200468,home,2025-09-29T17:25:00Z,student,2,290,web,completed
TS-0001174,71000646,200468,home,2025-07-29T16:07:00Z,youth,4,240,web,completed
TS-0001175,71000000,200468,home,2025-09-07T03:08:00Z,youth,2,240,app,completed
TS-0001176,71003162,200468,home,2025-07-03T21:55:00Z,student,4,290,app,completed
TS-0001177,71006545,200468,home,2025-09-29T03:41:00Z,child,1,160,app,completed
TS-0001178,71007140,200468,home,2025-09-30T10:22:00Z,adult,1,420,web,completed
TS-0001179,71005899,200468,home,2025-08-07T01:54:00Z,adult,3,420,web,completed
TS-0001180,71006341,200468,home,2025-09-10T02:06:00Z,adult,2,420,app,completed
TS-0001181,71001853,200468,home,2025-09-30T02:58:00Z,adult,2,420,web,completed
TS-0001182,71002737,200468,home,2025-07-13T08:49:00Z,youth,1,240,app,completed
TS-0001183,71001581,200468,home,2025-08-27T01:43:00Z,adult,2,420,web,completed
TS-0001184,71004641,200468,home,2025-07-25T21:37:00Z,youth,4,240,box_office,completed
TS-0001185,71001343,200468,home,2025-07-21T06:50:00Z,adult,3,420,box_office,completed
TS-0001186,71002210,200468,home,2025-09-22T12:23:00Z,adult,2,420,app,completed
TS-0001187,71000340,200468,home,2025-06-04T04:21:00Z,adult,4,420,box_office,completed
TS-0001188,71003213,200468,home,2025-09-29T01:03:00Z,adult,2,420,web,completed
TS-0001189,71002363,200468,home,2025-07-23T07:12:00Z,adult,3,420,app,completed
TS-0001190,71006086,200468,home,2025-08-23T00:44:00Z,youth,2,240,web,completed
TS-0001191,71006001,200468,home,2025-06-19T14:40:00Z,youth,3,240,web,completed
TS-0001192,71003876,200468,home,2025-07-21T12:43:00Z,student,2,290,web,completed
TS-0001193,71004556,200468,home,2025-09-28T12:25:00Z,youth,2,240,app,completed
TS-0001194,71000187,200468,home,2025-08-26T00:57:00Z,student,1,290,box_office,refunded
TS-0001195,71000034,200468,home,2025-09-17T02:08:00Z,student,1,290,app,completed
TS-0001196,71006596,200468,home,2025-09-28T18:45:00Z,adult,2,420,app,completed
TS-0001197,71000153,200468,home,2025-08-07T00:23:00Z,adult,1,420,web,completed
TS-0001198,71005049,200468,home,2025-09-30T01:49:00Z,adult,2,420,app,completed
TS-0001199,71000799,200468,home,2025-08-11T12:48:00Z,child,1,160,app,completed
TS-0001200,71000612,200468,home,2025-08-11T18:23:00Z,youth,3,240,box_office,cancelled
TS-0001201,71004148,200468,home,2025-09-29T20:51:00Z,youth,3,240,web,completed
TS-0001202,71005168,200468,home,2025-08-12T10:47:00Z,adult,1,420,web,completed
TS-0001203,71004165,200468,home,2025-07-05T23:43:00Z,adult,3,420,app,completed
TS-0001204,71001836,200468,home,2025-09-16T07:57:00Z,adult,2,420,web,completed
TS-0001205,71002567,200468,home,2025-09-13T22:21:00Z,adult,1,420,app,completed
TS-0001206,71002958,200468,home,2025-08-30T15:37:00Z,adult,2,420,app,completed
TS-0001207,71006324,200468,home,2025-06-24T21:07:00Z,child,2,160,app,completed
TS-0001208,71006511,200468,home,2025-06-10T13:33:00Z,adult,1,420,app,completed
TS-0001209,71001105,200468,home,2025-07-05T16:55:00Z,adult,1,420,web,completed
TS-0001210,71003791,200468,home,2025-09-02T07:58:00Z,student,1,290,app,completed
TS-0001211,71006188,200468,home,2025-09-29T07:05:00Z,adult,2,420,app,completed
TS-0001212,71003298,200468,home,2025-07-12T15:01:00Z,youth,4,240,web,completed
TS-0001213,71001768,200468,home,2025-08-24T23:11:00Z,adult,4,420,web,completed
TS-0001214,71004590,200468,home,2025-09-22T15:00:00Z,adult,3,420,web,completed
TS-0001215,71005525,200468,home,2025-06-20T13:06:00Z,child,1,160,app,completed
TS-0001216,71001411,200468,home,2025-09-29T16:04:00Z,youth,1,240,web,completed
TS-0001217,71000748,200468,home,2025-07-15T11:33:00Z,adult,2,420,web,completed
TS-0001218,71000408,200468,home,2025-09-29T13:26:00Z,student,1,290,web,completed
TS-0001219,71005661,200468,home,2025-07-15T23:38:00Z,adult,3,420,web,completed
TS-0001220,71004930,200468,home,2025-08-03T13:16:00Z,adult,1,420,app,completed
TS-0001221,71000425,200468,home,2025-07-07T14:48:00Z,adult,1,420,app,completed
TS-0001222,71005287,200468,home,2025-09-01T04:35:00Z,child,3,160,web,completed
TS-0001223,71003825,200468,home,2025-06-25T18:58:00Z,adult,1,420,app,completed
TS-0001224,71001037,200468,home,2025-06-11T03:10:00Z,youth,1,240,web,completed
TS-0001225,71007157,200468,home,2025-08-23T22:55:00Z,child,1,160,web,completed
TS-0001226,71003961,200468,home,2025-09-22T08:52:00Z,adult,3,420,web,completed
TS-0001227,71006018,200468,home,2025-09-30T10:18:00Z,adult,2,420,web,refunded
TS-0001228,71005508,200468,home,2025-07-01T21:54:00Z,adult,1,420,app,completed
TS-0001229,71002754,200468,home,2025-07-22T20:00:00Z,youth,1,240,web,completed
TS-0001230,71004522,200468,home,2025-07-01T04:53:00Z,adult,1,420,web,completed
TS-0001231,71003757,200468,home,2025-08-13T00:50:00Z,youth,2,240,web,completed
TS-0001232,71004114,200468,home,2025-07-11T07:25:00Z,child,1,160,web,completed
TS-0001233,71006936,200468,home,2025-09-09T01:30:00Z,adult,1,420,web,completed
TS-0001234,71003859,200468,home,2025-07-23T02:40:00Z,adult,2,420,web,completed
TS-0001235,71002856,200468,home,2025-07-21T09:37:00Z,student,1,290,app,completed
TS-0001236,71000697,200468,home,2025-09-02T22:04:00Z,youth,1,240,app,completed
TS-0001237,71006494,200468,home,2025-08-30T00:09:00Z,youth,1,240,app,completed
TS-0001238,71000595,200468,home,2025-07-08T22:17:00Z,adult,3,420,web,completed
TS-0001239,71006970,200468,home,2025-08-31T18:49:00Z,youth,1,240,web,completed
TS-0001240,71003434,200468,home,2025-09-28T20:57:00Z,adult,1,420,app,cancelled
TS-0001241,71004097,200468,home,2025-09-16T09:14:00Z,child,1,160,web,cancelled
TS-0001242,71001428,200468,home,2025-09-27T23:12:00Z,student,3,290,app,completed
TS-0001243,71004420,200468,home,2025-08-11T08:14:00Z,youth,1,240,app,completed
TS-0001244,71002074,200468,home,2025-09-28T21:37:00Z,youth,1,240,app,completed
TS-0001245,71006273,200468,home,2025-08-30T01:39:00Z,student,1,290,app,completed
TS-0001246,71002312,200468,home,2025-09-05T12:46:00Z,youth,1,240,web,refunded
TS-0001247,71002091,200468,home,2025-08-19T10:13:00Z,youth,1,240,web,completed
TS-0001248,71006256,200468,home,2025-06-16T09:50:00Z,adult,2,420,web,completed
TS-0001249,71003706,200468,home,2025-09-28T07:31:00Z,adult,1,420,web,completed
TS-0001250,71004454,200468,home,2025-09-29T18:17:00Z,adult,2,420,app,completed
TS-0001251,71005134,200468,home,2025-08-30T20:08:00Z,adult,2,420,app,completed
TS-0001252,71000136,200468,home,2025-09-28T03:24:00Z,youth,1,240,web,completed
TS-0001253,71005763,200468,home,2025-07-16T20:16:00Z,student,2,290,app,completed
TS-0001254,71006613,200468,home,2025-08-07T12:39:00Z,child,2,160,web,completed
TS-0001255,71004012,200468,home,2025-08-07T18:57:00Z,adult,1,420,web,completed
TS-0001256,71005270,200468,home,2025-07-02T02:43:00Z,adult,1,420,web,completed
TS-0001257,71001870,200468,home,2025-08-25T21:18:00Z,adult,3,420,web,completed
TS-0001258,71000238,200468,home,2025-09-15T22:54:00Z,adult,2,420,app,completed
TS-0001259,71005236,200468,home,2025-08-09T08:25:00Z,adult,3,420,web,completed
TS-0001260,71000850,200468,home,2025-09-29T21:49:00Z,adult,1,420,web,completed
TS-0001261,71005797,200468,home,2025-08-22T02:55:00Z,child,1,160,app,completed
TS-0001262,71007174,200468,home,2025-09-28T00:22:00Z,youth,1,240,web,completed
TS-0001263,71003264,200468,home,2025-09-30T05:33:00Z,adult,1,420,app,completed
TS-0001264,71005559,200468,home,2025-09-28T14:50:00Z,youth,1,240,web,completed
TS-0001265,71003723,200468,home,2025-09-14T18:29:00Z,student,2,290,web,completed
TS-0001266,71004029,200468,home,2025-07-01T08:11:00Z,adult,1,420,web,completed
TS-0001267,71004743,200468,home,2025-07-25T19:40:00Z,adult,1,420,app,completed
TS-0001268,71004199,200468,home,2025-06-03T09:59:00Z,adult,3,420,web,completed
TS-0001269,71001513,200468,home,2025-09-30T02:21:00Z,youth,1,240,web,completed
TS-0001270,71000833,200468,home,2025-09-30T02:46:00Z,child,4,160,app,completed
TS-0001271,71002006,200468,home,2025-09-29T15:07:00Z,child,3,160,web,completed
TS-0001272,71003740,200468,home,2025-09-30T15:37:00Z,adult,1,420,web,completed
TS-0001273,71000816,200468,home,2025-08-15T13:44:00Z,adult,1,420,app,completed
TS-0001274,71006358,200468,home,2025-07-23T13:09:00Z,youth,2,240,app,completed
TS-0001275,71002278,200468,home,2025-06-27T12:19:00Z,adult,2,420,web,completed
TS-0001276,71003196,200468,home,2025-09-28T11:21:00Z,adult,2,420,web,completed
TS-0001277,71001394,200468,home,2025-06-20T14:50:00Z,student,1,290,web,completed
TS-0001278,71003400,200468,home,2025-07-30T08:52:00Z,adult,1,420,app,completed
TS-0001279,71006392,200468,home,2025-06-10T16:42:00Z,adult,2,420,app,completed
TS-0001280,71002244,200468,home,2025-09-27T19:13:00Z,adult,1,420,app,completed
TS-0001281,71005202,200468,home,2025-09-28T07:00:00Z,youth,2,240,web,completed
TS-0001282,71004505,200468,home,2025-09-25T08:41:00Z,adult,1,420,web,completed
TS-0001283,71005967,200468,home,2025-06-14T16:16:00Z,adult,3,420,web,completed
TS-0001284,71000255,200468,home,2025-08-11T20:07:00Z,adult,1,420,web,completed
TS-0001285,71000391,200468,home,2025-09-28T11:06:00Z,adult,1,420,app,completed
TS-0001286,71003672,200468,home,2025-09-30T03:35:00Z,child,1,160,app,completed
TS-0001287,71005916,200468,home,2025-09-28T06:32:00Z,student,4,290,app,completed
TS-0001288,71006681,200468,home,2025-09-29T06:43:00Z,child,2,160,web,completed
TS-0001289,71007208,200468,home,2025-08-19T19:49:00Z,adult,1,420,web,completed
TS-0001290,71004012,200406,away,2025-08-11T08:08:00Z,student,2,250,box_office,completed
TS-0001291,71000867,200406,away,2025-10-20T22:15:00Z,adult,1,360,web,completed
TS-0001292,71001989,200406,away,2025-10-21T10:35:00Z,child,3,140,app,cancelled
TS-0001293,71004420,200406,away,2025-06-25T10:39:00Z,adult,2,360,box_office,completed
TS-0001294,71005576,200406,away,2025-08-23T08:18:00Z,youth,1,200,web,completed
TS-0001295,71005253,200406,away,2025-08-17T18:04:00Z,student,1,250,app,completed
TS-0001296,71005066,200406,away,2025-10-10T00:28:00Z,student,1,250,app,completed
TS-0001297,71005202,200406,away,2025-10-17T05:02:00Z,adult,2,360,app,completed
TS-0001298,71002482,200406,away,2025-10-18T01:39:00Z,adult,1,360,web,completed
TS-0001299,71004046,200406,away,2025-07-08T16:07:00Z,adult,1,360,app,completed
TS-0001300,71005525,200406,away,2025-10-21T16:22:00Z,child,3,140,app,completed
TS-0001301,71001445,200406,away,2025-10-12T09:12:00Z,youth,2,200,web,completed
TS-0001302,71002431,200406,away,2025-08-10T20:54:00Z,adult,1,360,web,completed
TS-0001303,71001258,200406,away,2025-10-10T20:48:00Z,adult,1,360,web,completed
TS-0001304,71006562,200406,away,2025-07-15T13:50:00Z,youth,2,200,web,refunded
TS-0001305,71006341,200406,away,2025-07-13T18:37:00Z,adult,3,360,app,completed
TS-0001306,71002312,200406,away,2025-10-20T10:17:00Z,student,1,250,app,completed
TS-0001307,71002890,200406,away,2025-09-19T07:00:00Z,student,2,250,web,completed
TS-0001308,71001955,200406,away,2025-09-25T13:14:00Z,adult,2,360,web,cancelled
TS-0001309,71006375,200406,away,2025-10-18T03:01:00Z,adult,2,360,web,completed
TS-0001310,71006069,200406,away,2025-09-03T16:35:00Z,adult,2,360,web,completed
TS-0001311,71004437,200406,away,2025-09-16T10:09:00Z,student,2,250,app,completed
TS-0001312,71003808,200406,away,2025-08-25T22:23:00Z,adult,3,360,web,completed
TS-0001313,71005406,200406,away,2025-09-29T00:17:00Z,adult,1,360,web,completed
TS-0001314,71004267,200406,away,2025-10-20T14:47:00Z,adult,1,360,app,completed
TS-0001315,71002210,200406,away,2025-10-14T17:56:00Z,student,2,250,app,completed
TS-0001316,71007174,200406,away,2025-08-22T11:18:00Z,student,4,250,web,completed
TS-0001317,71002329,200406,away,2025-08-06T03:28:00Z,adult,1,360,web,completed
TS-0001318,71000357,200406,away,2025-09-18T18:53:00Z,youth,4,200,web,completed
TS-0001319,71004403,200406,away,2025-06-28T02:41:00Z,adult,1,360,app,completed
TS-0001320,71001462,200406,away,2025-08-10T06:45:00Z,adult,3,360,box_office,completed
TS-0001321,71000544,200406,away,2025-08-06T01:46:00Z,adult,1,360,web,completed
TS-0001322,71005270,200406,away,2025-07-26T01:40:00Z,student,4,250,app,completed
TS-0001323,71000918,200406,away,2025-08-07T17:59:00Z,adult,3,360,web,completed
TS-0001324,71003349,200406,away,2025-07-01T11:23:00Z,student,3,250,web,completed
TS-0001325,71002856,200406,away,2025-08-24T13:04:00Z,adult,1,360,app,completed
TS-0001326,71006035,200406,away,2025-06-27T20:06:00Z,adult,1,360,app,completed
TS-0001327,71006103,200406,away,2025-08-07T13:21:00Z,child,1,140,web,completed
TS-0001328,71003995,200406,away,2025-08-04T17:29:00Z,student,1,250,web,completed
TS-0001329,71000799,200406,away,2025-09-14T03:03:00Z,adult,2,360,web,completed
TS-0001330,71005661,200406,away,2025-10-05T17:25:00Z,student,2,250,web,completed
TS-0001331,71002278,200406,away,2025-10-21T11:30:00Z,adult,3,360,web,completed
TS-0001332,71003128,200406,away,2025-09-10T22:13:00Z,adult,2,360,app,completed
TS-0001333,71001479,200406,away,2025-09-03T06:33:00Z,adult,1,360,web,completed
TS-0001334,71006307,200406,away,2025-10-20T01:44:00Z,adult,2,360,web,completed
TS-0001335,71006511,200406,away,2025-08-09T05:44:00Z,adult,3,360,web,completed
TS-0001336,71006528,200406,away,2025-10-18T03:39:00Z,student,2,250,web,completed
TS-0001337,71001394,200406,away,2025-10-21T12:36:00Z,adult,2,360,web,completed
TS-0001338,71006086,200406,away,2025-10-21T05:51:00Z,student,2,250,web,completed
TS-0001339,71000119,200406,away,2025-09-26T06:22:00Z,adult,1,360,box_office,completed
TS-0001340,71001292,200406,away,2025-09-11T21:16:00Z,adult,3,360,app,completed
TS-0001341,71004148,200406,away,2025-10-20T16:15:00Z,youth,1,200,web,completed
TS-0001342,71002720,200406,away,2025-08-14T03:01:00Z,youth,1,200,web,completed
TS-0001343,71002125,200406,away,2025-07-04T07:25:00Z,youth,1,200,web,completed
TS-0001344,71004386,200406,away,2025-10-01T20:47:00Z,youth,3,200,box_office,completed
TS-0001345,71000068,200406,away,2025-07-11T05:02:00Z,adult,1,360,box_office,completed
TS-0001346,71004896,200406,away,2025-10-21T17:14:00Z,child,2,140,web,completed
TS-0001347,71002805,200406,away,2025-10-21T15:28:00Z,adult,1,360,web,completed
TS-0001348,71006154,200406,away,2025-06-30T13:14:00Z,adult,1,360,app,completed
TS-0001349,71003587,200406,away,2025-10-19T18:46:00Z,adult,2,360,app,completed
TS-0001350,71007021,200406,away,2025-07-18T14:06:00Z,youth,1,200,app,completed
TS-0001351,71001904,200406,away,2025-07-11T10:27:00Z,adult,4,360,web,completed
TS-0001352,71003774,200406,away,2025-07-15T04:43:00Z,adult,1,360,web,refunded
TS-0001353,71004505,200406,away,2025-09-03T06:28:00Z,student,2,250,web,completed
TS-0001354,71002295,200406,away,2025-07-04T23:35:00Z,child,1,140,app,completed
TS-0001355,71007004,200406,away,2025-07-31T20:06:00Z,adult,1,360,box_office,completed
TS-0001356,71006052,200406,away,2025-07-02T10:11:00Z,student,3,250,app,completed
TS-0001357,71004658,200406,away,2025-07-31T04:30:00Z,student,3,250,web,completed
TS-0001358,71006919,200406,away,2025-10-14T23:51:00Z,youth,2,200,web,completed
TS-0001359,71000255,200406,away,2025-10-19T19:09:00Z,student,3,250,web,completed
TS-0001360,71003162,200406,away,2025-10-07T10:41:00Z,adult,3,360,app,completed
TS-0001361,71001122,200406,away,2025-10-19T20:45:00Z,student,2,250,web,completed
TS-0001362,71006613,200406,away,2025-10-21T19:07:00Z,adult,1,360,web,completed
TS-0001363,71003893,200406,away,2025-08-05T22:10:00Z,student,2,250,web,completed
TS-0001364,71002941,200406,away,2025-09-05T18:19:00Z,adult,1,360,web,completed
TS-0001365,71005797,200406,away,2025-10-01T06:56:00Z,adult,1,360,box_office,completed
TS-0001366,71006358,200406,away,2025-06-29T05:36:00Z,adult,4,360,web,completed
TS-0001367,71000187,200406,away,2025-10-10T21:29:00Z,adult,1,360,web,completed
TS-0001368,71005899,200406,away,2025-10-20T15:49:00Z,student,1,250,app,completed
TS-0001369,71006188,200406,away,2025-07-28T09:04:00Z,student,1,250,web,completed
TS-0001370,71003111,200406,away,2025-10-13T23:00:00Z,adult,1,360,app,completed
TS-0001371,71004114,200406,away,2025-10-20T19:54:00Z,student,1,250,web,completed
TS-0001372,71004692,200406,away,2025-10-22T04:52:00Z,adult,1,360,web,completed
TS-0001373,71001649,200406,away,2025-07-16T13:12:00Z,youth,1,200,web,cancelled
TS-0001374,71001343,200406,away,2025-10-15T12:22:00Z,child,1,140,web,completed
TS-0001375,71003451,200406,away,2025-09-28T23:16:00Z,student,3,250,app,completed
TS-0001376,71000374,200406,away,2025-07-25T07:51:00Z,student,1,250,app,completed
TS-0001377,71002193,200406,away,2025-10-16T07:36:00Z,adult,1,360,box_office,completed
TS-0001378,71001496,200406,away,2025-07-06T06:09:00Z,child,1,140,app,completed
TS-0001379,71006443,200406,away,2025-07-20T14:06:00Z,adult,2,360,web,completed
TS-0001380,71003723,200406,away,2025-08-09T23:28:00Z,adult,3,360,app,completed
TS-0001381,71002006,200406,away,2025-07-19T09:44:00Z,youth,1,200,app,completed
TS-0001382,71003706,200406,away,2025-06-26T10:57:00Z,adult,1,360,app,completed
TS-0001383,71001105,200406,away,2025-07-12T06:26:00Z,student,1,250,web,completed
TS-0001384,71005559,200406,away,2025-10-19T18:55:00Z,youth,2,200,web,completed
TS-0001385,71003315,200406,away,2025-07-15T18:18:00Z,adult,1,360,web,completed
TS-0001386,71005134,200406,away,2025-09-02T07:44:00Z,adult,1,360,web,completed
TS-0001387,71004913,200406,away,2025-09-29T14:21:00Z,adult,2,360,app,completed
TS-0001388,71004063,200406,away,2025-09-16T20:47:00Z,student,2,250,box_office,completed
TS-0001389,71002754,200406,away,2025-07-18T04:39:00Z,youth,1,200,web,completed
TS-0001390,71005729,200406,away,2025-10-21T01:34:00Z,adult,1,360,web,completed
TS-0001391,71000731,200406,away,2025-10-22T04:26:00Z,adult,2,360,box_office,completed
TS-0001392,71002465,200406,away,2025-07-07T13:40:00Z,adult,1,360,app,completed
TS-0001393,71006953,200406,away,2025-07-10T12:49:00Z,adult,1,360,web,completed
TS-0001394,71002686,200406,away,2025-10-11T14:08:00Z,adult,1,360,app,completed
TS-0001395,71002516,200406,away,2025-09-14T21:58:00Z,child,2,140,web,completed
TS-0001396,71001683,200406,away,2025-09-28T07:47:00Z,adult,1,360,app,completed
TS-0001397,71007055,200439,home,2025-08-12T05:36:00Z,student,1,290,web,completed
TS-0001398,71003179,200439,home,2025-10-24T19:32:00Z,youth,1,240,app,completed
TS-0001399,71005763,200439,home,2025-08-26T16:03:00Z,adult,2,420,web,completed
TS-0001400,71002448,200439,home,2025-11-04T09:42:00Z,adult,1,420,app,completed
TS-0001401,71006783,200439,home,2025-10-11T04:58:00Z,adult,2,420,web,completed
TS-0001402,71006953,200439,home,2025-09-03T11:18:00Z,child,3,160,app,completed
TS-0001403,71004811,200439,home,2025-11-03T01:18:00Z,student,1,290,web,cancelled
TS-0001404,71003587,200439,home,2025-07-26T19:58:00Z,adult,2,420,app,completed
TS-0001405,71004199,200439,home,2025-07-17T06:22:00Z,adult,1,420,app,completed
TS-0001406,71006545,200439,home,2025-09-18T07:22:00Z,youth,1,240,web,completed
TS-0001407,71005797,200439,home,2025-07-22T02:24:00Z,student,1,290,app,completed
TS-0001408,71006358,200439,home,2025-11-02T00:28:00Z,adult,2,420,web,completed
TS-0001409,71007157,200439,home,2025-11-01T22:44:00Z,adult,1,420,web,completed
TS-0001410,71000340,200439,home,2025-08-30T17:15:00Z,adult,1,420,web,completed
TS-0001411,71002261,200439,home,2025-08-29T04:31:00Z,adult,1,420,box_office,completed
TS-0001412,71003247,200439,home,2025-11-03T00:53:00Z,child,1,160,web,completed
TS-0001413,71002822,200439,home,2025-08-14T23:47:00Z,student,1,290,box_office,completed
TS-0001414,71003655,200439,home,2025-07-13T12:35:00Z,adult,1,420,web,completed
TS-0001415,71003927,200439,home,2025-07-22T16:56:00Z,adult,1,420,web,completed
TS-0001416,71002924,200439,home,2025-10-04T01:58:00Z,adult,2,420,web,completed
TS-0001417,71004165,200439,home,2025-11-03T17:39:00Z,youth,1,240,web,completed
TS-0001418,71007191,200439,home,2025-09-22T11:17:00Z,child,2,160,box_office,cancelled
TS-0001419,71006307,200439,home,2025-11-04T01:41:00Z,adult,3,420,app,completed
TS-0001420,71005950,200439,home,2025-07-18T03:56:00Z,adult,2,420,app,cancelled
TS-0001421,71000884,200439,home,2025-08-17T12:52:00Z,adult,3,420,web,completed
TS-0001422,71005372,200439,home,2025-07-13T22:24:00Z,child,1,160,app,completed
TS-0001423,71005831,200439,home,2025-09-03T07:32:00Z,child,1,160,web,completed
TS-0001424,71003876,200439,home,2025-09-06T16:37:00Z,adult,3,420,app,completed
TS-0001425,71006630,200439,home,2025-07-08T18:08:00Z,youth,3,240,app,cancelled
TS-0001426,71000357,200439,home,2025-10-07T23:02:00Z,adult,2,420,web,completed
TS-0001427,71000833,200439,home,2025-07-12T18:52:00Z,adult,1,420,app,completed
TS-0001428,71002465,200439,home,2025-09-09T04:01:00Z,student,2,290,app,completed
TS-0001429,71007123,200439,home,2025-11-03T01:15:00Z,adult,1,420,box_office,completed
TS-0001430,71002720,200439,home,2025-08-21T14:33:00Z,youth,1,240,app,completed
TS-0001431,71001700,200439,home,2025-08-02T01:33:00Z,adult,2,420,web,completed
TS-0001432,71006936,200439,home,2025-10-27T04:34:00Z,adult,1,420,app,refunded
TS-0001433,71001003,200439,home,2025-11-02T00:32:00Z,youth,2,240,app,completed
TS-0001434,71000646,200439,home,2025-10-02T19:41:00Z,student,1,290,app,completed
TS-0001435,71001496,200439,home,2025-11-02T08:19:00Z,student,2,290,box_office,completed
TS-0001436,71006477,200439,home,2025-09-04T15:06:00Z,adult,1,420,app,completed
TS-0001437,71001292,200439,home,2025-11-04T12:59:00Z,adult,1,420,app,completed
TS-0001438,71001785,200439,home,2025-08-18T02:08:00Z,child,2,160,web,completed
TS-0001439,71006443,200439,home,2025-08-09T07:56:00Z,child,3,160,app,completed
TS-0001440,71003111,200439,home,2025-11-03T10:50:00Z,adult,2,420,app,completed
TS-0001441,71004233,200439,home,2025-08-10T05:53:00Z,student,1,290,web,completed
TS-0001442,71004284,200439,home,2025-11-01T19:33:00Z,adult,1,420,box_office,completed
TS-0001443,71003060,200439,home,2025-07-19T00:46:00Z,adult,1,420,app,completed
TS-0001444,71006018,200439,home,2025-08-02T10:28:00Z,adult,1,420,web,completed
TS-0001445,71003077,200439,home,2025-11-02T11:01:00Z,adult,4,420,app,completed
TS-0001446,71004726,200439,home,2025-11-02T05:51:00Z,adult,1,420,app,completed
TS-0001447,71004573,200439,home,2025-11-03T09:40:00Z,student,1,290,web,completed
TS-0001448,71004148,200439,home,2025-11-03T09:23:00Z,adult,1,420,app,refunded
TS-0001449,71006188,200439,home,2025-10-16T02:50:00Z,adult,2,420,web,completed
TS-0001450,71003961,200439,home,2025-07-17T00:35:00Z,adult,2,420,app,completed
TS-0001451,71006528,200439,home,2025-09-21T09:17:00Z,youth,2,240,web,refunded
TS-0001452,71002329,200439,home,2025-10-17T09:13:00Z,student,2,290,app,completed
TS-0001453,71005610,200439,home,2025-10-06T06:20:00Z,adult,1,420,web,completed
TS-0001454,71006885,200439,home,2025-07-24T14:37:00Z,student,1,290,web,completed
TS-0001455,71000629,200439,home,2025-10-24T03:41:00Z,adult,4,420,app,completed
TS-0001456,71005066,200439,home,2025-10-12T09:32:00Z,student,3,290,web,completed
TS-0001457,71005185,200439,home,2025-10-19T13:23:00Z,adult,2,420,box_office,completed
TS-0001458,71004352,200439,home,2025-11-04T11:17:00Z,student,1,290,app,completed
TS-0001459,71002516,200439,home,2025-11-03T06:07:00Z,adult,1,420,app,completed
TS-0001460,71004539,200439,home,2025-11-03T07:07:00Z,youth,1,240,web,completed
TS-0001461,71007089,200439,home,2025-08-15T21:31:00Z,adult,2,420,app,completed
TS-0001462,71005355,200439,home,2025-08-20T22:40:00Z,child,1,160,web,completed
TS-0001463,71002618,200439,home,2025-09-30T12:32:00Z,adult,1,420,web,completed
TS-0001464,71004913,200439,home,2025-11-01T22:10:00Z,adult,3,420,app,completed
TS-0001465,71006052,200439,home,2025-08-15T19:28:00Z,adult,2,420,box_office,completed
TS-0001466,71002635,200439,home,2025-11-03T12:08:00Z,adult,1,420,app,completed
TS-0001467,71003196,200439,home,2025-11-02T06:16:00Z,student,3,290,web,completed
TS-0001468,71005134,200439,home,2025-10-16T15:49:00Z,student,2,290,box_office,completed
TS-0001469,71006171,200439,home,2025-10-03T17:31:00Z,adult,1,420,web,completed
TS-0001470,71003434,200439,home,2025-09-05T06:52:00Z,adult,2,420,box_office,completed
TS-0001471,71002227,200439,home,2025-07-27T05:45:00Z,adult,1,420,web,completed
TS-0001472,71005151,200439,home,2025-09-17T15:31:00Z,student,1,290,web,completed
TS-0001473,71003468,200439,home,2025-08-11T19:50:00Z,youth,1,240,web,completed
TS-0001474,71003689,200439,home,2025-10-29T04:46:00Z,student,2,290,web,completed
TS-0001475,71006375,200439,home,2025-07-09T20:40:00Z,student,2,290,app,completed
TS-0001476,71005253,200439,home,2025-11-02T23:41:00Z,child,2,160,app,completed
TS-0001477,71000850,200439,home,2025-10-22T10:32:00Z,adult,1,420,web,completed
TS-0001478,71000935,200439,home,2025-09-01T11:13:00Z,youth,1,240,box_office,completed
TS-0001479,71002397,200439,home,2025-10-26T22:27:00Z,adult,2,420,web,completed
TS-0001480,71001190,200439,home,2025-11-04T03:59:00Z,student,2,290,box_office,cancelled
TS-0001481,71004947,200439,home,2025-08-18T18:37:00Z,adult,4,420,web,completed
TS-0001482,71001020,200439,home,2025-10-06T12:32:00Z,adult,1,420,app,completed
TS-0001483,71004029,200439,home,2025-11-04T11:52:00Z,student,1,290,web,completed
TS-0001484,71002839,200439,home,2025-10-08T17:02:00Z,adult,2,420,app,completed
TS-0001485,71004981,200439,home,2025-11-04T03:33:00Z,adult,1,420,web,completed
TS-0001486,71001037,200439,home,2025-10-30T07:59:00Z,student,1,290,web,completed
TS-0001487,71000714,200439,home,2025-09-01T16:17:00Z,adult,2,420,box_office,completed
TS-0001488,71002380,200439,home,2025-11-02T15:49:00Z,adult,2,420,web,completed
TS-0001489,71000442,200439,home,2025-10-18T10:07:00Z,adult,1,420,app,completed
TS-0001490,71002890,200439,home,2025-07-14T00:03:00Z,youth,3,240,box_office,completed
TS-0001491,71005780,200439,home,2025-07-26T08:32:00Z,adult,1,420,web,completed
TS-0001492,71003162,200439,home,2025-08-18T14:19:00Z,adult,1,420,app,completed
TS-0001493,71000748,200439,home,2025-09-15T04:35:00Z,youth,1,240,app,completed
TS-0001494,71000051,200439,home,2025-10-30T20:00:00Z,youth,1,240,app,completed
TS-0001495,71005967,200439,home,2025-09-09T05:40:00Z,student,2,290,app,completed
TS-0001496,71004488,200439,home,2025-11-03T10:56:00Z,adult,1,420,web,refunded
TS-0001497,71002703,200439,home,2025-11-02T02:17:00Z,youth,2,240,app,completed
TS-0001498,71003502,200439,home,2025-11-03T05:56:00Z,adult,1,420,web,completed
TS-0001499,71004998,200439,home,2025-09-07T13:41:00Z,adult,2,420,web,completed
TS-0001500,71003842,200439,home,2025-09-26T14:03:00Z,student,1,290,web,completed
TS-0001501,71000867,200439,home,2025-07-31T06:36:00Z,adult,1,420,app,completed
TS-0001502,71000153,200439,home,2025-11-03T15:19:00Z,student,1,290,web,completed
TS-0001503,71005729,200439,home,2025-09-25T12:14:00Z,child,2,160,web,completed
TS-0001504,71005525,200439,home,2025-09-18T03:04:00Z,adult,2,420,web,completed
TS-0001505,71003774,200439,home,2025-07-16T11:43:00Z,youth,1,240,app,completed
TS-0001506,71005440,200439,home,2025-08-13T09:14:00Z,youth,1,240,app,completed
TS-0001507,71006834,200439,home,2025-11-03T17:13:00Z,child,1,160,app,completed
TS-0001508,71001598,200439,home,2025-07-24T01:36:00Z,student,1,290,web,completed
TS-0001509,71003553,200439,home,2025-11-04T01:03:00Z,adult,1,420,web,completed
TS-0001510,71003332,200439,home,2025-10-25T15:56:00Z,adult,2,420,web,completed
TS-0001511,71004760,200439,home,2025-07-14T19:42:00Z,adult,1,420,app,refunded
TS-0001512,71003366,200439,home,2025-11-02T02:38:00Z,adult,3,420,web,completed
TS-0001513,71001411,200439,home,2025-11-03T02:19:00Z,student,4,290,web,completed
TS-0001514,71003094,200439,home,2025-11-04T08:32:00Z,youth,1,240,app,cancelled
TS-0001515,71004012,200439,home,2025-09-08T17:51:00Z,adult,1,420,app,refunded
TS-0001516,71004607,200439,home,2025-09-19T21:57:00Z,child,2,160,web,completed
TS-0001517,71000323,200439,home,2025-07-10T20:36:00Z,youth,2,240,app,completed
TS-0001518,71003230,200439,home,2025-11-02T00:01:00Z,adult,1,420,web,completed
TS-0001519,71006205,200439,home,2025-11-04T00:44:00Z,adult,2,420,app,completed
TS-0001520,71001904,200439,home,2025-09-04T03:44:00Z,student,2,290,web,completed
TS-0001521,71005049,200439,home,2025-08-19T10:01:00Z,adult,3,420,box_office,completed
TS-0001522,71004471,200439,home,2025-07-17T05:05:00Z,adult,2,420,app,completed
TS-0001523,71002771,200439,home,2025-07-13T05:50:00Z,adult,1,420,web,completed
TS-0001524,71005865,200439,home,2025-09-13T04:38:00Z,youth,2,240,web,completed
TS-0001525,71001989,200439,home,2025-08-31T00:11:00Z,adult,3,420,app,completed
TS-0001526,71002805,200439,home,2025-08-23T23:18:00Z,adult,2,420,web,completed
TS-0001527,71005304,200439,home,2025-11-03T02:53:00Z,adult,2,420,app,completed
TS-0001528,71006426,200439,home,2025-08-01T03:56:00Z,adult,1,420,app,refunded
TS-0001529,71002125,200439,home,2025-09-30T05:51:00Z,adult,4,420,web,completed
TS-0001530,71007174,200439,home,2025-09-02T00:08:00Z,child,2,160,web,cancelled
TS-0001531,71003621,200439,home,2025-11-02T23:04:00Z,student,3,290,app,cancelled
TS-0001532,71000969,200439,home,2025-07-28T11:43:00Z,adult,3,420,web,completed
TS-0001533,71002176,200439,home,2025-10-07T04:36:00Z,youth,2,240,app,completed
TS-0001534,71004828,200439,home,2025-11-01T20:51:00Z,adult,1,420,app,completed
TS-0001535,71000901,200439,home,2025-10-23T06:59:00Z,adult,1,420,web,completed
TS-0001536,71004862,200439,home,2025-07-08T18:20:00Z,adult,1,420,app,completed
TS-0001537,71001054,200439,home,2025-09-22T16:14:00Z,adult,2,420,app,completed
TS-0001538,71003638,200439,home,2025-10-03T03:39:00Z,student,1,290,app,completed
TS-0001539,71004845,200439,home,2025-11-04T10:17:00Z,student,1,290,web,completed
TS-0001540,71001224,200439,home,2025-09-06T17:50:00Z,adult,3,420,app,completed
TS-0001541,71003723,200439,home,2025-08-30T11:56:00Z,youth,1,240,web,completed
TS-0001542,71002295,200439,home,2025-11-03T05:26:00Z,adult,1,420,app,cancelled
TS-0001543,71003757,200439,home,2025-11-03T11:35:00Z,adult,1,420,app,cancelled
TS-0001544,71003808,200439,home,2025-08-18T19:17:00Z,adult,1,420,box_office,completed
TS-0001545,71000170,200439,home,2025-07-21T04:46:00Z,student,2,290,box_office,completed
TS-0001546,71001853,200439,home,2025-09-12T09:18:00Z,child,3,160,box_office,completed
TS-0001547,71003944,200439,home,2025-10-01T11:42:00Z,adult,4,420,web,completed
TS-0001548,71001428,200439,home,2025-08-22T11:43:00Z,adult,4,420,web,refunded
TS-0001549,71001088,200439,home,2025-09-03T09:01:00Z,student,2,290,app,completed
TS-0001550,71004522,200439,home,2025-08-07T07:09:00Z,adult,1,420,app,completed
TS-0001551,71000255,200439,home,2025-11-03T06:17:00Z,youth,1,240,web,completed
TS-0001552,71006749,200439,home,2025-10-28T22:57:00Z,adult,2,420,web,completed
TS-0001553,71006137,200439,home,2025-11-03T19:47:00Z,adult,2,420,app,completed
TS-0001554,71004301,200439,home,2025-09-21T00:57:00Z,adult,2,420,app,completed
TS-0001555,71006732,200439,home,2025-08-14T13:48:00Z,adult,1,420,web,completed
TS-0001556,71007038,200439,home,2025-08-24T10:40:00Z,adult,1,420,app,completed
TS-0001557,71002108,200439,home,2025-10-07T06:12:00Z,adult,2,420,app,completed
TS-0001558,71004318,200439,home,2025-10-01T01:22:00Z,adult,1,420,web,completed
TS-0001559,71005916,200439,home,2025-09-04T07:51:00Z,child,1,160,app,completed
TS-0001560,71000697,200439,home,2025-08-31T09:57:00Z,adult,1,420,app,completed
TS-0001561,71003128,200439,home,2025-08-16T13:01:00Z,child,1,160,app,completed
TS-0001562,71002754,200439,home,2025-08-17T00:09:00Z,child,2,160,app,completed
TS-0001563,71003706,200439,home,2025-07-14T20:22:00Z,child,1,160,web,completed
TS-0001564,71001207,200439,home,2025-07-11T19:14:00Z,adult,1,420,web,completed
TS-0001565,71003672,200439,home,2025-07-15T19:19:00Z,youth,1,240,web,completed
TS-0001566,71005457,200439,home,2025-11-02T20:13:00Z,adult,2,420,app,completed
TS-0001567,71003995,200439,home,2025-08-14T00:49:00Z,adult,3,420,app,completed
TS-0001568,71000102,200439,home,2025-11-03T08:22:00Z,adult,3,420,web,completed
TS-0001569,71003264,200439,home,2025-09-18T22:06:00Z,student,2,290,web,completed
TS-0001570,71006664,200439,home,2025-10-31T07:00:00Z,child,1,160,web,completed
TS-0001571,71005746,200439,home,2025-07-27T01:21:00Z,adult,3,420,web,completed
TS-0001572,71001156,200439,home,2025-08-22T03:18:00Z,adult,2,420,app,completed
TS-0001573,71004250,200439,home,2025-08-18T04:21:00Z,adult,1,420,web,completed
TS-0001574,71000425,200439,home,2025-07-20T09:28:00Z,youth,4,240,web,completed
TS-0001575,71001887,200439,home,2025-09-02T08:15:00Z,student,2,290,app,completed
TS-0001576,71000204,200439,home,2025-08-24T12:38:00Z,adult,4,420,app,completed
TS-0001577,71007072,200439,home,2025-09-14T17:30:00Z,student,2,290,app,completed
TS-0001578,71003740,200439,home,2025-09-07T18:02:00Z,adult,1,420,app,cancelled
TS-0001579,71002737,200439,home,2025-07-25T17:57:00Z,adult,3,420,app,completed
TS-0001580,71005083,200439,home,2025-11-03T07:52:00Z,student,1,290,web,completed
TS-0001581,71001105,200439,home,2025-07-25T11:35:00Z,adult,1,420,web,completed
TS-0001582,71000493,200439,home,2025-09-28T17:24:00Z,child,2,160,app,completed
TS-0001583,71004046,200439,home,2025-11-03T08:29:00Z,student,4,290,web,completed
TS-0001584,71001649,200439,home,2025-07-10T16:05:00Z,adult,1,420,web,completed
TS-0001585,71003400,200439,home,2025-07-24T04:34:00Z,student,2,290,app,completed
TS-0001586,71001683,200439,home,2025-10-09T12:43:00Z,youth,2,240,box_office,completed
TS-0001587,71004743,200439,home,2025-09-17T18:44:00Z,youth,1,240,web,completed
TS-0001588,71005933,200439,home,2025-10-22T21:45:00Z,adult,2,420,web,completed
TS-0001589,71001615,200439,home,2025-11-03T04:18:00Z,adult,1,420,web,completed
TS-0001590,71006273,200439,home,2025-10-06T10:42:00Z,child,1,160,web,completed
TS-0001591,71005984,200439,home,2025-09-28T20:10:00Z,youth,3,240,web,completed
TS-0001592,71000034,200439,home,2025-07-27T22:32:00Z,youth,3,240,web,completed
TS-0001593,71000306,200439,home,2025-11-03T13:40:00Z,child,1,160,app,completed
TS-0001594,71001275,200439,home,2025-07-29T15:27:00Z,youth,1,240,web,completed
TS-0001595,71005542,200439,home,2025-11-03T18:25:00Z,adult,1,420,web,completed
TS-0001596,71005168,200439,home,2025-11-04T11:46:00Z,adult,3,420,app,completed
TS-0001597,71001802,200439,home,2025-07-18T05:32:00Z,adult,1,420,app,completed
TS-0001598,71001139,200439,home,2025-07-07T22:51:00Z,adult,1,420,app,completed
TS-0001599,71003978,200439,home,2025-11-02T23:20:00Z,adult,2,420,web,completed
TS-0001600,71001768,200439,home,2025-10-28T16:15:00Z,adult,1,420,web,completed
TS-0001601,71006766,200439,home,2025-08-27T09:18:00Z,adult,2,420,web,completed
TS-0001602,71002193,200439,home,2025-08-12T18:21:00Z,youth,4,240,web,refunded
TS-0001603,71001836,200439,home,2025-11-04T03:57:00Z,child,2,160,web,completed
TS-0001604,71003825,200439,home,2025-07-23T21:52:00Z,adult,1,420,web,completed
TS-0001605,71005406,200439,home,2025-07-18T18:37:00Z,child,2,160,web,completed
TS-0001606,71004335,200439,home,2025-10-05T07:15:00Z,adult,1,420,app,completed
TS-0001607,71002142,200439,home,2025-08-09T18:40:00Z,adult,3,420,web,completed
TS-0001608,71002346,200439,home,2025-10-14T08:16:00Z,adult,3,420,web,completed
TS-0001609,71006494,200439,home,2025-07-23T11:08:00Z,adult,3,420,app,completed
TS-0001610,71000000,200439,home,2025-10-05T22:37:00Z,adult,1,420,web,completed
TS-0001611,71002975,200439,home,2025-07-23T15:31:00Z,student,4,290,web,completed
TS-0001612,71000918,200439,home,2025-11-03T21:51:00Z,adult,1,420,web,completed
TS-0001613,71000544,200439,home,2025-09-26T03:14:00Z,adult,1,420,app,completed
TS-0001614,71004624,200439,home,2025-07-08T10:06:00Z,adult,1,420,web,completed
TS-0001615,71001173,200439,home,2025-10-17T18:05:00Z,student,3,290,app,completed
TS-0001616,71005389,200439,home,2025-09-25T16:20:00Z,student,1,290,app,completed
TS-0001617,71000782,200439,home,2025-09-23T12:29:00Z,adult,1,420,app,completed
TS-0001618,71006324,200439,home,2025-08-28T12:16:00Z,student,2,290,web,completed
TS-0001619,71000119,200439,home,2025-08-19T15:12:00Z,student,1,290,app,completed
TS-0001620,71003859,200439,home,2025-09-09T14:29:00Z,child,1,160,app,completed
TS-0001621,71006596,200439,home,2025-10-26T05:14:00Z,adult,2,420,web,completed
TS-0001622,71003026,200439,home,2025-07-14T13:36:00Z,adult,2,420,box_office,completed
TS-0001623,71004267,200439,home,2025-11-03T14:07:00Z,adult,1,420,web,completed
TS-0001624,71001360,200439,home,2025-08-12T04:03:00Z,student,2,290,web,completed
TS-0001625,71006341,200439,home,2025-07-19T20:03:00Z,adult,1,420,box_office,completed
TS-0001626,71006120,200439,home,2025-10-15T16:19:00Z,adult,1,420,web,completed
TS-0001627,71005644,200439,home,2025-08-09T13:16:00Z,adult,1,420,web,completed
TS-0001628,71005287,200439,home,2025-08-02T12:04:00Z,youth,1,240,box_office,completed
TS-0001629,71002023,200439,home,2025-08-04T19:29:00Z,adult,1,420,web,refunded
TS-0001630,71005270,200439,home,2025-09-02T01:27:00Z,youth,1,240,app,completed
TS-0001631,71002210,200439,home,2025-09-09T04:11:00Z,child,1,160,web,completed
TS-0001632,71002550,200439,home,2025-09-30T06:07:00Z,student,1,290,app,completed
TS-0001633,71001377,200439,home,2025-11-01T22:54:00Z,student,3,290,web,completed
TS-0001634,71006511,200439,home,2025-11-03T20:04:00Z,student,1,290,web,completed
TS-0001635,71005236,200439,home,2025-10-18T01:21:00Z,adult,1,420,web,completed
TS-0001636,71003298,200439,home,2025-09-30T07:14:00Z,adult,1,420,web,completed
TS-0001637,71002873,200439,home,2025-11-01T21:53:00Z,youth,1,240,box_office,completed
TS-0001638,71001955,200439,home,2025-09-26T05:53:00Z,adult,1,420,app,completed
TS-0001639,71006256,200439,home,2025-11-03T06:33:00Z,youth,4,240,web,completed
TS-0001640,71004420,200439,home,2025-09-03T09:37:00Z,adult,4,420,web,completed
TS-0001641,71001938,200439,home,2025-07-28T17:24:00Z,child,2,160,app,completed
TS-0001642,71005661,200439,home,2025-10-05T03:11:00Z,adult,2,420,app,completed
TS-0001643,71002431,200439,home,2025-09-12T07:57:00Z,adult,1,420,web,completed
TS-0001644,71005899,200439,home,2025-10-30T14:24:00Z,youth,2,240,app,completed
TS-0001645,71002040,200439,home,2025-11-02T16:29:00Z,student,1,290,web,completed
TS-0001646,71003145,200439,home,2025-11-04T09:28:00Z,adult,1,420,app,completed
TS-0001647,71001122,200439,home,2025-11-04T07:08:00Z,adult,1,420,web,completed
TS-0001648,71006613,200439,home,2025-09-16T22:48:00Z,adult,1,420,app,completed
TS-0001649,71005321,200439,home,2025-08-10T18:29:00Z,youth,4,240,app,completed
TS-0001650,71001445,200439,home,2025-07-26T23:28:00Z,student,4,290,web,completed
TS-0001651,71001241,200439,home,2025-07-14T05:32:00Z,adult,1,420,app,completed
TS-0001652,71007106,200439,home,2025-09-29T16:56:00Z,child,1,160,web,completed
TS-0001653,71006562,200439,home,2025-08-23T13:27:00Z,student,2,290,web,completed
TS-0001654,71001666,200439,home,2025-11-02T11:20:00Z,adult,1,420,app,completed
TS-0001655,71005712,200439,home,2025-08-22T14:56:00Z,adult,2,420,app,completed
TS-0001656,71003536,200439,home,2025-10-22T14:36:00Z,youth,4,240,web,completed
TS-0001657,71006817,200439,home,2025-09-02T19:29:00Z,adult,2,420,web,completed
TS-0001658,71007140,200439,home,2025-09-29T15:58:00Z,adult,1,420,box_office,completed
TS-0001659,71002533,200439,home,2025-08-26T07:43:00Z,adult,1,420,web,completed
TS-0001660,71000612,200439,home,2025-10-13T09:05:00Z,child,1,160,app,completed
TS-0001661,71005678,200439,home,2025-11-03T13:03:00Z,adult,1,420,web,completed
TS-0001662,71004386,200439,home,2025-07-11T01:51:00Z,child,3,160,app,completed
TS-0001663,71005338,200439,home,2025-09-23T21:34:00Z,adult,2,420,app,completed
TS-0001664,71000952,200439,home,2025-11-03T04:46:00Z,adult,2,420,box_office,completed
TS-0001665,71003910,200439,home,2025-11-04T00:48:00Z,youth,1,240,web,completed
TS-0001666,71000289,200439,home,2025-10-11T03:09:00Z,adult,1,420,web,completed
TS-0001667,71001530,200439,home,2025-07-22T11:12:00Z,adult,1,420,app,completed
TS-0001668,71002669,200439,home,2025-11-04T15:35:00Z,student,1,290,app,completed
TS-0001669,71002907,200439,home,2025-11-03T01:39:00Z,child,1,160,web,completed
TS-0001670,71000510,200439,home,2025-10-27T16:53:00Z,adult,1,420,app,completed
TS-0001671,71004437,200439,home,2025-09-30T04:09:00Z,adult,3,420,web,completed
TS-0001672,71004505,200439,home,2025-10-06T07:54:00Z,youth,1,240,app,refunded
TS-0001673,71006154,200439,home,2025-11-04T05:29:00Z,adult,2,420,web,completed
TS-0001674,71004658,200439,home,2025-09-22T12:06:00Z,adult,3,420,app,completed
TS-0001675,71003009,200439,home,2025-10-31T18:06:00Z,adult,4,420,app,completed
TS-0001676,71001870,200439,home,2025-11-02T03:21:00Z,youth,1,240,web,completed
TS-0001677,71005780,200399,home,2025-09-05T13:57:00Z,student,2,290,app,completed
TS-0001678,71001530,200399,home,2025-11-01T18:33:00Z,adult,1,420,box_office,completed
TS-0001679,71005542,200399,home,2025-09-12T15:53:00Z,student,1,290,web,completed
TS-0001680,71000323,200399,home,2025-11-19T01:31:00Z,youth,2,240,box_office,completed
TS-0001681,71006307,200399,home,2025-11-25T00:52:00Z,adult,1,420,web,completed
TS-0001682,71006834,200399,home,2025-11-18T22:06:00Z,adult,2,420,web,completed
TS-0001683,71005219,200399,home,2025-11-25T13:53:00Z,adult,1,420,app,completed
TS-0001684,71003298,200399,home,2025-11-24T14:25:00Z,adult,1,420,web,refunded
TS-0001685,71003315,200399,home,2025-09-30T00:13:00Z,child,1,160,web,completed
TS-0001686,71003247,200399,home,2025-09-11T03:14:00Z,adult,1,420,web,completed
TS-0001687,71002924,200399,home,2025-09-02T02:10:00Z,adult,1,420,web,completed
TS-0001688,71001292,200399,home,2025-11-21T20:18:00Z,adult,1,420,web,completed
TS-0001689,71001904,200399,home,2025-11-22T10:33:00Z,student,1,290,web,completed
TS-0001690,71005304,200399,home,2025-09-21T01:29:00Z,child,2,160,web,completed
TS-0001691,71002159,200399,home,2025-11-25T03:20:00Z,adult,3,420,app,completed
TS-0001692,71000629,200399,home,2025-08-04T12:33:00Z,adult,3,420,box_office,completed
TS-0001693,71003043,200399,home,2025-11-24T18:51:00Z,adult,2,420,web,completed
TS-0001694,71002057,200399,home,2025-09-15T22:56:00Z,student,1,290,web,completed
TS-0001695,71005610,200399,home,2025-11-24T02:46:00Z,adult,1,420,web,refunded
TS-0001696,71004641,200399,home,2025-09-20T03:12:00Z,youth,1,240,web,completed
TS-0001697,71001921,200399,home,2025-07-31T04:32:00Z,youth,2,240,app,completed
TS-0001698,71005984,200399,home,2025-10-28T02:09:00Z,adult,1,420,app,completed
TS-0001699,71001768,200399,home,2025-11-24T12:29:00Z,adult,2,420,web,completed
TS-0001700,71006188,200399,home,2025-11-22T20:40:00Z,youth,1,240,app,completed
TS-0001701,71004811,200399,home,2025-11-23T14:42:00Z,adult,1,420,web,completed
TS-0001702,71000068,200399,home,2025-09-24T01:57:00Z,adult,1,420,web,completed
TS-0001703,71001513,200399,home,2025-10-19T12:14:00Z,youth,1,240,app,completed
TS-0001704,71002805,200399,home,2025-08-06T02:13:00Z,student,2,290,web,completed
TS-0001705,71004777,200399,home,2025-08-17T18:00:00Z,student,1,290,web,refunded
TS-0001706,71006987,200399,home,2025-11-22T09:11:00Z,youth,1,240,web,completed
TS-0001707,71001700,200399,home,2025-11-24T20:12:00Z,adult,2,420,web,completed
TS-0001708,71006409,200399,home,2025-11-20T01:05:00Z,adult,2,420,app,completed
TS-0001709,71006817,200399,home,2025-11-09T18:06:00Z,youth,1,240,web,completed
TS-0001710,71000578,200399,home,2025-09-01T12:24:00Z,youth,2,240,web,completed
TS-0001711,71000731,200399,home,2025-10-16T17:33:00Z,youth,1,240,web,completed
TS-0001712,71006953,200399,home,2025-11-25T04:21:00Z,adult,1,420,web,completed
TS-0001713,71003485,200399,home,2025-11-24T19:57:00Z,adult,1,420,web,completed
TS-0001714,71001445,200399,home,2025-08-24T12:18:00Z,adult,1,420,web,completed
TS-0001715,71006222,200399,home,2025-11-25T02:24:00Z,adult,1,420,app,completed
TS-0001716,71001003,200399,home,2025-09-13T01:53:00Z,student,3,290,web,completed
TS-0001717,71006494,200399,home,2025-10-10T19:21:00Z,adult,2,420,app,completed
TS-0001718,71004233,200399,home,2025-11-04T11:09:00Z,adult,2,420,web,completed
TS-0001719,71000663,200399,home,2025-09-09T17:18:00Z,adult,1,420,web,refunded
TS-0001720,71000187,200399,home,2025-11-25T05:51:00Z,child,1,160,web,completed
TS-0001721,71006630,200399,home,2025-09-09T15:15:00Z,youth,1,240,web,completed
TS-0001722,71007157,200399,home,2025-08-13T00:29:00Z,adult,1,420,app,completed
TS-0001723,71002584,200399,home,2025-11-05T08:50:00Z,adult,1,420,web,completed
TS-0001724,71006868,200399,home,2025-10-18T02:32:00Z,youth,2,240,web,completed
TS-0001725,71001173,200399,home,2025-11-13T04:30:00Z,adult,3,420,box_office,completed
TS-0001726,71005168,200399,home,2025-11-13T04:57:00Z,adult,1,420,box_office,completed
TS-0001727,71005644,200399,home,2025-11-23T03:04:00Z,youth,1,240,web,completed
TS-0001728,71000816,200399,home,2025-10-24T20:35:00Z,student,1,290,web,completed
TS-0001729,71007072,200399,home,2025-11-24T10:42:00Z,adult,2,420,app,refunded
TS-0001730,71005508,200399,home,2025-09-24T15:50:00Z,adult,1,420,app,completed
TS-0001731,71004760,200399,home,2025-10-27T08:55:00Z,adult,2,420,web,completed
TS-0001732,71006477,200399,home,2025-11-24T16:26:00Z,youth,3,240,web,completed
TS-0001733,71005151,200399,home,2025-11-01T00:39:00Z,student,2,290,app,completed
TS-0001734,71006392,200399,home,2025-11-06T21:38:00Z,student,1,290,web,completed
TS-0001735,71004505,200399,home,2025-10-10T23:09:00Z,student,1,290,app,completed
TS-0001736,71003400,200399,home,2025-11-22T22:08:00Z,adult,1,420,web,completed
TS-0001737,71004301,200399,home,2025-08-20T09:25:00Z,adult,1,420,web,completed
TS-0001738,71000459,200399,home,2025-11-02T06:53:00Z,student,3,290,web,completed
TS-0001739,71000935,200399,home,2025-09-29T05:16:00Z,adult,3,420,web,completed
TS-0001740,71000306,200399,home,2025-11-16T18:16:00Z,adult,2,420,box_office,completed
TS-0001741,71004981,200399,home,2025-10-13T20:44:00Z,adult,3,420,app,completed
TS-0001742,71005814,200399,home,2025-11-24T00:33:00Z,adult,1,420,web,completed
TS-0001743,71000000,200399,home,2025-08-13T12:33:00Z,adult,3,420,web,completed
TS-0001744,71001666,200399,home,2025-10-22T17:07:00Z,student,1,290,web,completed
TS-0001745,71005287,200399,home,2025-08-18T17:47:00Z,adult,2,420,web,completed
TS-0001746,71000782,200399,home,2025-10-14T15:54:00Z,youth,1,240,web,completed
TS-0001747,71001683,200399,home,2025-11-23T11:38:00Z,youth,1,240,app,completed
TS-0001748,71001343,200399,home,2025-09-17T07:13:00Z,adult,1,420,web,completed
TS-0001749,71002108,200399,home,2025-09-10T22:40:00Z,youth,1,240,web,completed
TS-0001750,71000357,200399,home,2025-11-25T04:53:00Z,student,1,290,app,completed
TS-0001751,71002329,200399,home,2025-11-25T15:17:00Z,adult,3,420,web,completed
TS-0001752,71004420,200399,home,2025-08-12T23:20:00Z,youth,2,240,app,completed
TS-0001753,71006698,200399,home,2025-08-21T13:53:00Z,adult,2,420,web,completed
TS-0001754,71006749,200399,home,2025-08-30T02:11:00Z,adult,2,420,web,completed
TS-0001755,71000289,200399,home,2025-11-23T05:57:00Z,adult,1,420,web,completed
TS-0001756,71001819,200399,home,2025-09-15T05:12:00Z,adult,2,420,app,completed
TS-0001757,71003604,200399,home,2025-10-15T07:00:00Z,adult,2,420,box_office,completed
TS-0001758,71000085,200399,home,2025-09-25T05:12:00Z,adult,1,420,app,completed
TS-0001759,71005712,200399,home,2025-10-14T12:40:00Z,adult,3,420,app,completed
TS-0001760,71006273,200399,home,2025-10-30T18:29:00Z,student,2,290,web,completed
TS-0001761,71001615,200399,home,2025-09-14T20:34:00Z,adult,3,420,web,completed
TS-0001762,71001955,200399,home,2025-08-01T02:15:00Z,student,2,290,web,completed
TS-0001763,71003961,200399,home,2025-11-12T07:57:00Z,youth,2,240,app,completed
TS-0001764,71001547,200399,home,2025-11-13T11:40:00Z,adult,2,420,box_office,completed
TS-0001765,71003383,200399,home,2025-10-23T22:00:00Z,student,1,290,app,completed
TS-0001766,71004675,200399,home,2025-11-25T05:27:00Z,child,2,160,box_office,completed
TS-0001767,71004556,200399,home,2025-08-31T11:57:00Z,adult,2,420,app,completed
TS-0001768,71003281,200399,home,2025-11-23T01:40:00Z,youth,1,240,web,completed
TS-0001769,71001649,200399,home,2025-09-03T15:20:00Z,child,2,160,app,completed
TS-0001770,71001632,200399,home,2025-09-13T20:43:00Z,adult,1,420,web,completed
TS-0001771,71001105,200399,home,2025-10-03T21:59:00Z,child,4,160,web,completed
TS-0001772,71005559,200399,home,2025-09-23T21:54:00Z,student,1,290,app,completed
TS-0001773,71004012,200399,home,2025-09-21T21:15:00Z,adult,1,420,app,completed
TS-0001774,71004437,200399,home,2025-10-28T12:52:00Z,child,3,160,web,completed
TS-0001775,71004386,200399,home,2025-11-24T04:08:00Z,student,2,290,app,completed
TS-0001776,71002193,200399,home,2025-10-04T08:40:00Z,adult,1,420,web,completed
TS-0001777,71003587,200399,home,2025-11-24T09:27:00Z,youth,3,240,web,completed
TS-0001778,71003332,200399,home,2025-08-17T09:11:00Z,adult,1,420,web,completed
TS-0001779,71002635,200399,home,2025-11-08T08:27:00Z,adult,4,420,web,completed
TS-0001780,71003417,200399,home,2025-08-28T20:42:00Z,adult,1,420,app,completed
TS-0001781,71003689,200399,home,2025-08-30T02:41:00Z,adult,2,420,web,completed
TS-0001782,71002006,200399,home,2025-07-29T01:55:00Z,youth,1,240,box_office,completed
TS-0001783,71003077,200399,home,2025-08-19T06:41:00Z,adult,1,420,web,completed
TS-0001784,71007106,200399,home,2025-08-02T09:20:00Z,adult,1,420,app,completed
TS-0001785,71006375,200399,home,2025-10-21T21:36:00Z,adult,2,420,web,completed
TS-0001786,71004063,200399,home,2025-11-24T10:28:00Z,youth,1,240,web,completed
TS-0001787,71005321,200399,home,2025-10-16T09:05:00Z,youth,2,240,web,completed
TS-0001788,71002788,200399,home,2025-10-24T09:34:00Z,student,3,290,web,cancelled
TS-0001789,71005185,200399,home,2025-11-25T03:56:00Z,adult,1,420,box_office,completed
TS-0001790,71006018,200399,home,2025-11-23T12:36:00Z,youth,1,240,web,completed
TS-0001791,71000561,200399,home,2025-10-24T14:23:00Z,student,2,290,app,completed
TS-0001792,71005236,200399,home,2025-10-20T18:58:00Z,youth,2,240,web,completed
TS-0001793,71004539,200399,home,2025-11-11T23:56:00Z,student,1,290,web,completed
TS-0001794,71003264,200399,home,2025-11-13T13:38:00Z,adult,2,420,app,completed
TS-0001795,71005355,200399,home,2025-10-06T13:13:00Z,adult,1,420,web,completed
TS-0001796,71006664,200399,home,2025-11-04T14:41:00Z,child,1,160,web,completed
TS-0001797,71002907,200399,home,2025-10-03T17:09:00Z,student,1,290,web,completed
TS-0001798,71000034,200399,home,2025-09-15T04:43:00Z,adult,1,420,app,completed
TS-0001799,71006596,200399,home,2025-11-25T09:02:00Z,adult,3,420,app,completed
TS-0001800,71006052,200399,home,2025-09-06T03:04:00Z,adult,2,420,web,completed
TS-0001801,71003196,200399,home,2025-08-23T13:36:00Z,youth,2,240,app,completed
TS-0001802,71000986,200399,home,2025-11-24T02:55:00Z,youth,1,240,web,completed
TS-0001803,71001224,200399,home,2025-11-05T02:44:00Z,adult,1,420,box_office,completed
TS-0001804,71000119,200399,home,2025-10-25T07:14:00Z,adult,4,420,app,completed
TS-0001805,71002261,200399,home,2025-11-23T07:42:00Z,student,1,290,web,completed
TS-0001806,71000051,200399,home,2025-09-02T11:50:00Z,child,4,160,web,completed
TS-0001807,71006613,200399,home,2025-10-20T17:14:00Z,youth,4,240,web,completed
TS-0001808,71006562,200399,home,2025-09-18T09:09:00Z,adult,2,420,web,completed
TS-0001809,71001496,200399,home,2025-09-19T16:27:00Z,youth,1,240,app,completed
TS-0001810,71006936,200399,home,2025-11-24T06:13:00Z,adult,4,420,web,completed
TS-0001811,71004896,200399,home,2025-11-25T12:25:00Z,adult,1,420,web,completed
TS-0001812,71003162,200399,home,2025-09-24T21:45:00Z,adult,1,420,web,completed
TS-0001813,71000255,200399,home,2025-09-12T20:31:00Z,adult,1,420,web,completed
TS-0001814,71003978,200399,home,2025-11-03T21:21:00Z,student,3,290,app,completed
TS-0001815,71002448,200399,home,2025-09-16T13:20:00Z,adult,1,420,app,completed
TS-0001816,71000765,200399,home,2025-09-14T02:43:00Z,adult,1,420,web,completed
TS-0001817,71003009,200399,home,2025-09-21T13:08:00Z,adult,1,420,app,completed
TS-0001818,71004182,200399,home,2025-08-31T22:25:00Z,student,2,290,web,completed
TS-0001819,71000102,200399,home,2025-10-24T12:05:00Z,adult,1,420,web,completed
TS-0001820,71004658,200399,home,2025-11-23T09:13:00Z,adult,1,420,web,completed
TS-0001821,71006069,200399,home,2025-08-21T18:37:00Z,adult,2,420,web,completed
TS-0001822,71002516,200399,home,2025-08-03T07:46:00Z,child,1,160,web,completed
TS-0001823,71003621,200399,home,2025-08-05T00:46:00Z,adult,4,420,web,completed
TS-0001824,71002703,200399,home,2025-11-24T09:00:00Z,youth,1,240,box_office,refunded
TS-0001825,71005627,200399,home,2025-11-23T07:10:00Z,youth,1,240,web,completed
TS-0001826,71004454,200399,home,2025-11-19T15:47:00Z,adult,1,420,web,completed
TS-0001827,71000850,200399,home,2025-11-24T08:36:00Z,adult,2,420,web,completed
TS-0001828,71005066,200399,home,2025-11-24T14:54:00Z,adult,4,420,box_office,completed
TS-0001829,71002839,200399,home,2025-08-27T14:34:00Z,adult,1,420,web,completed
TS-0001830,71003366,200399,home,2025-10-25T07:23:00Z,adult,3,420,web,completed
TS-0001831,71001020,200399,home,2025-11-24T00:52:00Z,adult,1,420,box_office,completed
TS-0001832,71002023,200399,home,2025-11-22T23:06:00Z,youth,1,240,box_office,completed
TS-0001833,71006902,200399,home,2025-08-16T20:48:00Z,adult,1,420,web,completed
TS-0001834,71002244,200399,home,2025-10-02T01:43:00Z,youth,3,240,web,completed
TS-0001835,71003451,200399,home,2025-08-04T01:47:00Z,child,1,160,web,completed
TS-0001836,71004828,200399,home,2025-08-07T18:03:00Z,child,2,160,app,completed
TS-0001837,71000221,200399,home,2025-09-20T07:37:00Z,adult,1,420,web,completed
TS-0001838,71000136,200399,home,2025-11-24T00:35:00Z,adult,3,420,app,completed
TS-0001839,71005457,200399,home,2025-09-12T14:27:00Z,adult,1,420,web,completed
TS-0001840,71002533,200399,home,2025-09-28T05:46:00Z,adult,3,420,web,completed
TS-0001841,71004930,200399,home,2025-10-21T18:01:00Z,youth,4,240,web,completed
TS-0001842,71003468,200399,home,2025-11-06T13:10:00Z,adult,2,420,web,completed
TS-0001843,71003706,200399,home,2025-11-25T16:43:00Z,adult,1,420,web,completed
TS-0001844,71006528,200399,home,2025-09-07T02:21:00Z,adult,2,420,app,completed
TS-0001845,71003434,200399,home,2025-11-23T06:54:00Z,student,1,290,app,completed
TS-0001846,71000374,200399,home,2025-11-24T02:03:00Z,youth,1,240,app,completed
TS-0001847,71000442,200399,home,2025-11-23T22:57:00Z,student,1,290,app,refunded
TS-0001848,71001122,200399,home,2025-08-06T23:19:00Z,adult,1,420,web,refunded
TS-0001849,71000544,200399,home,2025-11-24T01:45:00Z,adult,1,420,box_office,completed
TS-0001850,71000969,200399,home,2025-09-29T18:40:00Z,student,3,290,box_office,completed
TS-0001851,71001360,200399,home,2025-11-23T13:25:00Z,adult,1,420,box_office,completed
TS-0001852,71003179,200399,home,2025-11-24T03:07:00Z,child,2,160,web,completed
TS-0001853,71001071,200399,home,2025-08-17T17:11:00Z,adult,1,420,web,completed
TS-0001854,71003230,200399,home,2025-09-28T04:10:00Z,youth,2,240,app,completed
TS-0001855,71006851,200399,home,2025-11-25T15:11:00Z,adult,2,420,box_office,completed
TS-0001856,71000918,200399,home,2025-11-23T10:08:00Z,child,1,160,web,completed
TS-0001857,71006086,200399,home,2025-10-26T21:10:00Z,adult,3,420,web,completed
TS-0001858,71002771,200399,home,2025-09-05T20:07:00Z,child,2,160,app,completed
TS-0001859,71000646,200399,home,2025-11-24T11:10:00Z,adult,1,420,web,completed
TS-0001860,71007055,200399,home,2025-11-23T09:28:00Z,youth,1,240,app,completed
TS-0001861,71003570,200399,home,2025-11-16T15:01:00Z,adult,3,420,app,completed
TS-0001862,71006239,200399,home,2025-10-17T00:05:00Z,youth,1,240,app,completed
TS-0001863,71003859,200399,home,2025-10-14T14:15:00Z,youth,1,240,web,completed
TS-0001864,71004335,200399,home,2025-09-16T06:07:00Z,student,2,290,web,completed
TS-0001865,71002992,200399,home,2025-11-07T00:27:00Z,youth,1,240,web,completed
TS-0001866,71005049,200399,home,2025-09-27T15:16:00Z,adult,1,420,app,completed
TS-0001867,71007038,200399,home,2025-08-12T15:03:00Z,child,1,160,web,completed
TS-0001868,71004607,200399,home,2025-08-12T06:37:00Z,adult,2,420,web,completed
TS-0001869,71003723,200399,home,2025-09-29T23:14:00Z,student,1,290,web,completed
TS-0001870,71003927,200399,home,2025-08-19T20:08:00Z,adult,1,420,web,completed
TS-0001871,71005899,200399,home,2025-11-25T15:39:00Z,adult,2,420,app,refunded
TS-0001872,71005763,200399,home,2025-09-24T13:07:00Z,adult,2,420,app,cancelled
TS-0001873,71003094,200399,home,2025-10-04T16:34:00Z,adult,1,420,app,completed
TS-0001874,71001190,200399,home,2025-08-19T17:21:00Z,youth,1,240,app,completed
TS-0001875,71004743,200399,home,2025-11-24T02:08:00Z,child,1,160,web,completed
TS-0001876,71002295,200399,home,2025-09-19T03:16:00Z,adult,2,420,web,completed
TS-0001877,71000425,200399,home,2025-10-15T22:32:00Z,youth,2,240,web,completed
TS-0001878,71001054,200399,home,2025-09-22T04:55:00Z,adult,2,420,box_office,completed
TS-0001879,71002652,200399,home,2025-10-24T13:41:00Z,adult,2,420,app,completed
TS-0001880,71004114,200399,home,2025-11-18T22:42:00Z,adult,2,420,web,completed
TS-0001881,71003349,200399,home,2025-07-31T09:55:00Z,youth,2,240,web,completed
TS-0001882,71004692,200399,home,2025-09-25T13:31:00Z,adult,1,420,app,completed
TS-0001883,71005440,200399,home,2025-08-25T13:27:00Z,adult,2,420,web,completed
TS-0001884,71001751,200399,home,2025-08-21T11:38:00Z,student,1,290,app,cancelled
TS-0001885,71000901,200399,home,2025-08-14T08:09:00Z,child,3,160,web,completed
TS-0001886,71002856,200399,home,2025-08-10T01:17:00Z,adult,2,420,app,completed
TS-0001887,71002278,200399,home,2025-10-09T08:19:00Z,student,3,290,web,completed
TS-0001888,71003825,200399,home,2025-10-17T05:56:00Z,student,3,290,app,completed
TS-0001889,71004148,200399,home,2025-11-23T12:09:00Z,youth,1,240,web,cancelled
TS-0001890,71000408,200399,home,2025-10-06T14:41:00Z,child,2,160,web,completed
TS-0001891,71004199,200399,home,2025-08-06T00:27:00Z,adult,1,420,app,completed
TS-0001892,71002890,200399,home,2025-08-12T21:28:00Z,adult,2,420,app,completed
TS-0001893,71004080,200399,home,2025-11-04T22:15:00Z,youth,1,240,app,completed
TS-0001894,71006460,200399,home,2025-10-27T13:24:00Z,youth,1,240,app,completed
TS-0001895,71001088,200399,home,2025-09-23T22:36:00Z,youth,2,240,box_office,cancelled
TS-0001896,71002567,200399,home,2025-07-30T19:36:00Z,child,2,160,app,completed
TS-0001897,71005406,200399,home,2025-10-03T19:47:00Z,student,1,290,box_office,cancelled
TS-0001898,71001037,200399,home,2025-09-25T14:04:00Z,student,2,290,web,completed
TS-0001899,71005695,200399,home,2025-09-08T18:48:00Z,adult,1,420,web,completed
TS-0001900,71004794,200399,home,2025-11-22T21:34:00Z,adult,2,420,web,completed
TS-0001901,71000238,200399,home,2025-10-11T14:44:00Z,youth,1,240,web,completed
TS-0001902,71000476,200399,home,2025-09-26T17:25:00Z,adult,1,420,web,completed
TS-0001903,71004947,200399,home,2025-10-20T13:34:00Z,youth,1,240,web,completed
TS-0001904,71001326,200399,home,2025-09-27T17:42:00Z,adult,2,420,web,completed
TS-0001905,71005729,200399,home,2025-09-10T17:21:00Z,youth,4,240,web,completed
TS-0001906,71003060,200399,home,2025-08-31T00:24:00Z,youth,3,240,app,completed
TS-0001907,71001564,200399,home,2025-11-14T08:21:00Z,youth,3,240,app,completed
TS-0001908,71002550,200399,home,2025-09-26T13:56:00Z,adult,2,420,app,completed
TS-0001909,71001462,200399,home,2025-11-25T06:50:00Z,youth,3,240,app,completed
TS-0001910,71003842,200399,home,2025-11-24T19:22:00Z,adult,3,420,app,completed
TS-0001911,71006443,200399,home,2025-08-14T21:01:00Z,child,1,160,app,completed
TS-0001912,71003111,200399,home,2025-08-03T15:25:00Z,student,1,290,app,completed
TS-0001913,71005797,200399,home,2025-11-23T14:17:00Z,adult,1,420,app,refunded
TS-0001914,71005678,200399,home,2025-11-10T01:38:00Z,adult,2,420,box_office,completed
TS-0001915,71001717,200399,home,2025-10-30T06:10:00Z,adult,1,420,web,completed
TS-0001916,71004522,200399,home,2025-11-25T09:54:00Z,adult,1,420,web,completed
TS-0001917,71000714,200399,home,2025-11-04T05:52:00Z,adult,1,420,box_office,cancelled
TS-0001918,71004284,200399,home,2025-11-24T23:40:00Z,adult,3,420,web,completed
TS-0001919,71004488,200399,home,2025-07-30T23:28:00Z,youth,2,240,web,refunded
TS-0001920,71004267,200399,home,2025-10-28T13:25:00Z,youth,1,240,web,cancelled
TS-0001921,71002210,200399,home,2025-11-24T01:12:00Z,student,2,290,web,completed
TS-0001922,71000510,200399,home,2025-08-06T05:32:00Z,youth,3,240,app,cancelled
TS-0001923,71001802,200399,home,2025-09-02T02:48:00Z,student,3,290,app,completed
TS-0001924,71001139,200399,home,2025-11-20T10:43:00Z,child,2,160,box_office,completed
TS-0001925,71003774,200399,home,2025-08-23T11:03:00Z,adult,1,420,web,completed
TS-0001926,71000697,200399,home,2025-10-29T06:10:00Z,adult,1,420,web,completed
TS-0001927,71000017,200399,home,2025-11-22T22:11:00Z,student,1,290,web,completed
TS-0001928,71004046,200399,home,2025-10-30T07:10:00Z,student,3,290,app,completed
TS-0001929,71005882,200399,home,2025-11-24T09:40:00Z,adult,2,420,app,completed
TS-0001930,71004998,200399,home,2025-09-14T23:51:00Z,adult,4,420,app,completed
TS-0001931,71006545,200399,home,2025-09-08T01:30:00Z,child,1,160,web,completed
TS-0001932,71005661,200399,home,2025-11-24T23:11:00Z,adult,1,420,web,completed
TS-0001933,71001853,200399,home,2025-11-09T11:35:00Z,student,1,290,app,completed
TS-0001934,71003910,200399,home,2025-11-23T23:21:00Z,youth,1,240,web,completed
TS-0001935,71002465,200399,home,2025-09-18T00:38:00Z,student,1,290,web,completed
TS-0001936,71003519,200399,home,2025-07-29T08:21:00Z,adult,1,420,app,completed
TS-0001937,71005967,200399,home,2025-11-15T12:25:00Z,adult,1,420,web,completed
TS-0001938,71007140,200399,home,2025-09-03T12:20:00Z,adult,2,420,box_office,completed
TS-0001939,71003213,200399,home,2025-10-17T21:06:00Z,student,2,290,web,cancelled
TS-0001940,71003672,200399,home,2025-09-15T12:26:00Z,youth,1,240,web,completed
TS-0001941,71002601,200399,home,2025-08-07T18:31:00Z,adult,4,420,app,completed
TS-0001942,71004913,200399,home,2025-11-22T11:12:00Z,youth,1,240,web,completed
TS-0001943,71000527,200399,home,2025-10-08T23:17:00Z,adult,1,420,app,completed
TS-0001944,71004624,200399,home,2025-09-02T21:44:00Z,youth,2,240,app,completed
TS-0001945,71006290,200399,home,2025-11-13T22:37:00Z,adult,1,420,app,completed
TS-0001946,71003553,200399,home,2025-10-29T09:21:00Z,student,1,290,web,completed
TS-0001947,71001598,200399,home,2025-08-08T19:13:00Z,student,3,290,web,completed
TS-0001948,71003876,200399,home,2025-11-01T22:08:00Z,youth,2,240,app,completed
TS-0001949,71006358,200399,home,2025-11-13T20:40:00Z,adult,1,420,web,completed
TS-0001950,71004216,200399,home,2025-10-28T06:02:00Z,youth,1,240,app,completed
TS-0001951,71002380,200399,home,2025-11-23T03:13:00Z,adult,1,420,app,completed
TS-0001952,71004590,200399,home,2025-11-16T16:59:00Z,student,4,290,app,completed
TS-0001953,71005423,200399,home,2025-11-06T02:07:00Z,adult,2,420,web,completed
TS-0001954,71002278,200384,away,2025-08-26T08:58:00Z,adult,2,360,box_office,completed
TS-0001955,71005083,200384,away,2025-12-01T18:00:00Z,child,1,140,web,completed
TS-0001956,71002057,200384,away,2025-10-11T11:40:00Z,adult,1,360,web,completed
TS-0001957,71005610,200384,away,2025-08-25T08:06:00Z,adult,2,360,web,completed
TS-0001958,71003434,200384,away,2025-10-31T13:27:00Z,child,1,140,app,completed
TS-0001959,71006035,200384,away,2025-12-03T15:21:00Z,adult,1,360,web,completed
TS-0001960,71002363,200384,away,2025-09-12T06:40:00Z,student,3,250,app,completed
TS-0001961,71005576,200384,away,2025-08-22T11:56:00Z,adult,1,360,web,completed
TS-0001962,71007191,200384,away,2025-09-08T16:17:00Z,adult,1,360,web,completed
TS-0001963,71004505,200384,away,2025-11-15T11:03:00Z,student,2,250,app,completed
TS-0001964,71006018,200384,away,2025-12-03T20:31:00Z,adult,1,360,app,completed
TS-0001965,71003859,200384,away,2025-09-22T22:59:00Z,adult,2,360,box_office,completed
TS-0001966,71001734,200384,away,2025-10-19T10:39:00Z,adult,2,360,app,completed
TS-0001967,71001292,200384,away,2025-12-08T06:27:00Z,adult,1,360,web,completed
TS-0001968,71004981,200384,away,2025-09-28T02:05:00Z,adult,1,360,app,completed
TS-0001969,71006851,200384,away,2025-09-20T16:12:00Z,child,1,140,app,completed
TS-0001970,71005542,200384,away,2025-12-10T06:11:00Z,youth,2,200,app,completed
TS-0001971,71001632,200384,away,2025-09-04T20:47:00Z,student,1,250,app,completed
TS-0001972,71000442,200384,away,2025-09-24T00:44:00Z,student,3,250,web,completed
TS-0001973,71003723,200384,away,2025-08-25T11:06:00Z,youth,2,200,web,completed
TS-0001974,71004012,200384,away,2025-10-27T21:41:00Z,adult,2,360,app,completed
TS-0001975,71000136,200384,away,2025-08-13T13:58:00Z,adult,1,360,app,completed
TS-0001976,71005338,200384,away,2025-10-07T05:30:00Z,child,1,140,web,completed
TS-0001977,71006001,200384,away,2025-11-13T21:51:00Z,student,4,250,app,completed
TS-0001978,71002346,200384,away,2025-09-19T05:22:00Z,child,1,140,web,completed
TS-0001979,71005797,200384,away,2025-10-22T07:41:00Z,child,1,140,web,completed
TS-0001980,71001836,200384,away,2025-11-30T20:42:00Z,adult,1,360,app,completed
TS-0001981,71004913,200384,away,2025-08-21T07:42:00Z,adult,2,360,web,completed
TS-0001982,71004250,200384,away,2025-11-29T10:02:00Z,student,2,250,app,completed
TS-0001983,71005440,200384,away,2025-11-10T23:30:00Z,adult,1,360,web,completed
TS-0001984,71003757,200384,away,2025-10-07T00:57:00Z,adult,2,360,web,completed
TS-0001985,71004964,200384,away,2025-12-08T21:25:00Z,adult,1,360,box_office,completed
TS-0001986,71005066,200384,away,2025-08-28T01:51:00Z,youth,3,200,box_office,completed
TS-0001987,71007208,200384,away,2025-09-13T09:58:00Z,adult,1,360,web,completed
TS-0001988,71000935,200384,away,2025-11-20T15:46:00Z,adult,1,360,app,completed
TS-0001989,71002822,200384,away,2025-09-23T03:21:00Z,youth,1,200,app,completed
TS-0001990,71006222,200384,away,2025-11-23T16:30:00Z,adult,2,360,app,completed
TS-0001991,71001462,200384,away,2025-11-21T04:56:00Z,student,1,250,web,completed
TS-0001992,71002771,200384,away,2025-11-02T22:56:00Z,adult,3,360,app,completed
TS-0001993,71007072,200384,away,2025-10-20T14:26:00Z,youth,1,200,web,completed
TS-0001994,71004709,200384,away,2025-10-04T17:12:00Z,adult,2,360,web,completed
TS-0001995,71002924,200384,away,2025-12-08T00:52:00Z,adult,1,360,web,completed
TS-0001996,71001207,200384,away,2025-12-08T15:14:00Z,adult,1,360,app,completed
TS-0001997,71001802,200384,away,2025-09-10T19:28:00Z,adult,3,360,web,completed
TS-0001998,71003519,200384,away,2025-12-08T03:46:00Z,adult,2,360,web,completed
TS-0001999,71006647,200384,away,2025-08-16T16:02:00Z,adult,2,360,app,completed
TS-0002000,71006579,200384,away,2025-10-29T07:28:00Z,youth,2,200,web,completed
TS-0002001,71001785,200384,away,2025-12-08T12:06:00Z,youth,1,200,web,completed
TS-0002002,71004539,200384,away,2025-12-10T12:11:00Z,youth,1,200,web,completed
TS-0002003,71000952,200384,away,2025-09-13T02:12:00Z,student,3,250,web,completed
TS-0002004,71002584,200384,away,2025-09-30T12:13:00Z,youth,1,200,web,completed
TS-0002005,71002907,200384,away,2025-11-18T23:27:00Z,adult,3,360,app,completed
TS-0002006,71000833,200384,away,2025-11-13T12:30:00Z,adult,3,360,app,completed
TS-0002007,71000782,200384,away,2025-09-16T07:29:00Z,child,2,140,app,completed
TS-0002008,71006460,200384,away,2025-09-08T05:46:00Z,student,1,250,web,completed
TS-0002009,71003315,200384,away,2025-12-04T10:58:00Z,adult,2,360,app,completed
TS-0002010,71001360,200384,away,2025-10-24T09:35:00Z,adult,1,360,app,completed
TS-0002011,71001394,200384,away,2025-08-19T05:49:00Z,adult,4,360,box_office,completed
TS-0002012,71005151,200384,away,2025-09-12T18:08:00Z,adult,2,360,web,completed
TS-0002013,71006426,200384,away,2025-11-23T23:34:00Z,adult,2,360,web,completed
TS-0002014,71001156,200384,away,2025-10-26T00:46:00Z,adult,1,360,web,completed
TS-0002015,71002788,200384,away,2025-12-09T20:35:00Z,youth,2,200,web,completed
TS-0002016,71002448,200384,away,2025-08-29T00:55:00Z,adult,1,360,app,completed
TS-0002017,71002550,200384,away,2025-09-15T21:47:00Z,child,1,140,web,completed
TS-0002018,71005168,200384,away,2025-09-21T18:52:00Z,student,2,250,app,completed
TS-0002019,71006154,200384,away,2025-10-07T03:47:00Z,student,3,250,app,completed
TS-0002020,71000255,200384,away,2025-09-09T02:20:00Z,student,2,250,box_office,completed
TS-0002021,71000561,200384,away,2025-09-11T13:32:00Z,youth,1,200,web,completed
TS-0002022,71006494,200384,away,2025-11-09T22:21:00Z,adult,1,360,box_office,completed
TS-0002023,71007174,200384,away,2025-09-25T16:59:00Z,adult,3,360,web,completed
TS-0002024,71007123,200384,away,2025-08-29T00:00:00Z,student,1,250,app,completed
TS-0002025,71004930,200384,away,2025-12-09T20:39:00Z,student,2,250,web,completed
TS-0002026,71000102,200384,away,2025-11-09T06:28:00Z,adult,3,360,web,completed
TS-0002027,71004165,200384,away,2025-09-18T18:23:00Z,child,1,140,app,completed
TS-0002028,71005270,200384,away,2025-11-19T01:07:00Z,student,1,250,app,completed
TS-0002029,71002958,200384,away,2025-10-09T17:00:00Z,adult,2,360,app,completed
TS-0002030,71002686,200384,away,2025-12-09T09:58:00Z,student,3,250,box_office,completed
TS-0002031,71004454,200384,away,2025-11-28T09:37:00Z,adult,2,360,web,completed
TS-0002032,71000578,200384,away,2025-12-10T05:57:00Z,adult,2,360,app,completed
TS-0002033,71004046,200384,away,2025-11-29T00:33:00Z,adult,2,360,web,completed
TS-0002034,71000663,200384,away,2025-10-25T08:55:00Z,student,4,250,app,completed
TS-0002035,71006120,200384,away,2025-10-04T06:47:00Z,adult,4,360,box_office,refunded
TS-0002036,71003570,200384,away,2025-12-02T07:51:00Z,youth,3,200,web,cancelled
TS-0002037,71005695,200384,away,2025-08-28T10:01:00Z,adult,2,360,app,completed
TS-0002038,71000119,200384,away,2025-11-01T15:38:00Z,youth,1,200,web,completed
TS-0002039,71003026,200384,away,2025-09-12T20:02:00Z,adult,2,360,web,completed
TS-0002040,71006290,200384,away,2025-12-09T14:32:00Z,adult,2,360,web,completed
TS-0002041,71001819,200384,away,2025-09-07T03:26:00Z,adult,1,360,app,cancelled
TS-0002042,71001768,200384,away,2025-09-02T02:18:00Z,adult,1,360,web,completed
TS-0002043,71006783,200384,away,2025-12-07T19:22:00Z,adult,2,360,web,completed
TS-0002044,71004624,200384,away,2025-10-16T10:25:00Z,adult,1,360,web,completed
TS-0002045,71001513,200384,away,2025-08-14T07:17:00Z,adult,3,360,app,completed
TS-0002046,71002108,200384,away,2025-09-23T20:12:00Z,child,4,140,app,completed
TS-0002047,71005202,200384,away,2025-12-01T04:52:00Z,adult,2,360,app,completed
TS-0002048,71006137,200384,away,2025-11-10T12:18:00Z,student,1,250,web,completed
TS-0002049,71004658,200384,away,2025-10-03T03:25:00Z,adult,3,360,web,completed
TS-0002050,71004437,200384,away,2025-10-25T05:43:00Z,child,3,140,web,completed
TS-0002051,71004641,200384,away,2025-09-12T03:16:00Z,adult,3,360,web,completed
TS-0002052,71001547,200384,away,2025-10-10T13:31:00Z,adult,2,360,app,completed
TS-0002053,71003655,200384,away,2025-11-20T08:52:00Z,youth,2,200,app,completed
TS-0002054,71004352,200384,away,2025-12-07T19:12:00Z,adult,1,360,app,completed
TS-0002055,71004811,200384,away,2025-09-28T07:21:00Z,child,1,140,box_office,completed
TS-0002056,71002227,200384,away,2025-11-12T20:32:00Z,student,2,250,web,completed
TS-0002057,71005814,200384,away,2025-08-28T05:56:00Z,adult,2,360,app,completed
TS-0002058,71001377,200384,away,2025-12-04T14:24:00Z,adult,1,360,app,completed
TS-0002059,71005559,200384,away,2025-11-30T08:40:00Z,adult,2,360,web,completed
TS-0002060,71004471,200384,away,2025-12-08T02:47:00Z,student,1,250,app,completed
TS-0002061,71001853,200384,away,2025-12-08T13:14:00Z,student,1,250,web,completed
TS-0002062,71006205,200384,away,2025-10-26T14:43:00Z,adult,1,360,app,completed
TS-0002063,71002720,200384,away,2025-10-21T01:17:00Z,student,2,250,web,completed
TS-0002064,71000646,200384,away,2025-12-08T07:34:00Z,student,1,250,box_office,completed
TS-0002065,71000085,200384,away,2025-09-12T03:39:00Z,adult,1,360,web,completed
TS-0002066,71004573,200384,away,2025-12-08T13:27:00Z,youth,1,200,box_office,completed
TS-0002067,71004760,200384,away,2025-08-19T01:11:00Z,youth,1,200,box_office,completed
TS-0002068,71002652,200384,away,2025-12-10T11:53:00Z,youth,1,200,web,completed
TS-0002069,71003961,200384,away,2025-10-02T00:17:00Z,adult,2,360,web,completed
TS-0002070,71005967,200384,away,2025-11-12T03:46:00Z,child,2,140,app,completed
TS-0002071,71006256,200377,home,2025-10-17T02:11:00Z,adult,3,420,web,completed
TS-0002072,71002703,200377,home,2025-12-01T18:48:00Z,youth,2,240,web,refunded
TS-0002073,71002312,200377,home,2026-01-17T18:05:00Z,youth,1,240,web,refunded
TS-0002074,71001462,200377,home,2026-01-05T18:00:00Z,child,2,160,app,completed
TS-0002075,71003077,200377,home,2026-01-18T15:37:00Z,adult,2,420,app,completed
TS-0002076,71006511,200377,home,2026-01-09T21:53:00Z,child,1,160,web,completed
TS-0002077,71004233,200377,home,2025-09-22T21:19:00Z,adult,2,420,app,completed
TS-0002078,71005100,200377,home,2025-12-24T16:09:00Z,adult,1,420,web,completed
TS-0002079,71003604,200377,home,2025-11-13T04:49:00Z,adult,2,420,box_office,completed
TS-0002080,71006205,200377,home,2025-12-24T01:51:00Z,adult,4,420,app,completed
TS-0002081,71002788,200377,home,2025-12-19T20:17:00Z,student,3,290,web,completed
TS-0002082,71000850,200377,home,2026-01-19T16:14:00Z,student,2,290,app,completed
TS-0002083,71002023,200377,home,2026-01-03T19:22:00Z,youth,1,240,app,completed
TS-0002084,71003536,200377,home,2026-01-14T08:21:00Z,student,1,290,web,completed
TS-0002085,71007123,200377,home,2025-10-11T16:17:00Z,youth,2,240,web,completed
TS-0002086,71001156,200377,home,2025-11-29T16:01:00Z,child,1,160,web,completed
TS-0002087,71001530,200377,home,2025-11-23T01:54:00Z,adult,1,420,web,completed
TS-0002088,71002533,200377,home,2026-01-19T21:43:00Z,youth,2,240,app,completed
TS-0002089,71004879,200377,home,2025-11-27T09:33:00Z,child,2,160,app,completed
TS-0002090,71003247,200377,home,2025-12-17T03:56:00Z,adult,1,420,web,completed
TS-0002091,71007021,200377,home,2025-12-05T12:58:00Z,adult,1,420,app,completed
TS-0002092,71000731,200377,home,2025-12-28T03:56:00Z,child,3,160,web,completed
TS-0002093,71005083,200377,home,2025-11-07T13:14:00Z,adult,4,420,app,completed
TS-0002094,71002040,200377,home,2026-01-13T15:52:00Z,child,2,160,web,completed
TS-0002095,71003927,200377,home,2025-11-16T23:47:00Z,adult,1,420,web,completed
TS-0002096,71004641,200377,home,2026-01-20T11:47:00Z,youth,1,240,app,completed
TS-0002097,71006443,200377,home,2025-12-28T05:43:00Z,student,2,290,app,completed
TS-0002098,71000884,200377,home,2025-12-29T10:48:00Z,student,1,290,app,completed
TS-0002099,71001666,200377,home,2025-09-24T03:37:00Z,adult,4,420,web,cancelled
TS-0002100,71000952,200377,home,2026-01-20T06:56:00Z,adult,3,420,app,completed
TS-0002101,71005542,200377,home,2026-01-18T20:32:00Z,adult,3,420,app,completed
TS-0002102,71005763,200377,home,2026-01-20T02:22:00Z,adult,1,420,app,completed
TS-0002103,71005644,200377,home,2025-11-17T14:54:00Z,adult,1,420,web,completed
TS-0002104,71006613,200377,home,2026-01-18T16:55:00Z,child,3,160,web,completed
TS-0002105,71003876,200377,home,2025-12-02T13:12:00Z,adult,1,420,web,completed
TS-0002106,71007208,200377,home,2026-01-20T06:50:00Z,student,1,290,web,completed
TS-0002107,71004913,200377,home,2026-01-09T19:26:00Z,adult,1,420,app,completed
TS-0002108,71000272,200377,home,2025-10-04T22:48:00Z,adult,2,420,web,completed
TS-0002109,71004386,200377,home,2025-12-28T04:25:00Z,youth,1,240,web,completed
TS-0002110,71002992,200377,home,2026-01-20T04:09:00Z,student,3,290,app,completed
TS-0002111,71003264,200377,home,2026-01-19T18:52:00Z,youth,1,240,web,completed
TS-0002112,71004607,200377,home,2025-12-08T19:41:00Z,adult,1,420,app,completed
TS-0002113,71001139,200377,home,2026-01-09T05:36:00Z,adult,1,420,web,refunded
TS-0002114,71001836,200377,home,2025-09-30T10:21:00Z,adult,1,420,web,completed
TS-0002115,71004097,200377,home,2026-01-19T12:18:00Z,adult,2,420,web,completed
TS-0002116,71001377,200377,home,2026-01-19T20:25:00Z,student,4,290,web,completed
TS-0002117,71001411,200377,home,2025-11-28T00:58:00Z,student,1,290,app,completed
TS-0002118,71000629,200377,home,2025-10-22T08:03:00Z,adult,1,420,web,completed
TS-0002119,71003383,200377,home,2025-11-25T09:10:00Z,student,2,290,app,refunded
TS-0002120,71005865,200377,home,2026-01-01T05:26:00Z,adult,2,420,web,completed
TS-0002121,71001479,200377,home,2026-01-12T02:21:00Z,student,2,290,web,completed
TS-0002122,71006698,200377,home,2026-01-19T07:56:00Z,adult,1,420,app,completed
TS-0002123,71004301,200377,home,2026-01-17T17:08:00Z,adult,4,420,web,completed
TS-0002124,71005508,200377,home,2025-11-01T14:11:00Z,student,2,290,web,completed
TS-0002125,71003332,200377,home,2025-10-15T20:26:00Z,student,2,290,app,completed
TS-0002126,71000204,200377,home,2025-12-23T14:57:00Z,child,1,160,web,completed
TS-0002127,71001955,200377,home,2025-10-20T08:58:00Z,student,2,290,web,completed
TS-0002128,71005049,200377,home,2025-12-07T06:56:00Z,child,2,160,app,completed
TS-0002129,71003910,200377,home,2025-11-28T09:57:00Z,adult,1,420,app,refunded
TS-0002130,71006188,200377,home,2025-10-18T00:17:00Z,adult,3,420,web,completed
TS-0002131,71001734,200377,home,2025-10-30T11:32:00Z,adult,2,420,app,completed
TS-0002132,71006001,200377,home,2025-12-28T19:13:00Z,adult,1,420,web,completed
TS-0002133,71006358,200377,home,2025-11-29T04:55:00Z,student,2,290,box_office,completed
TS-0002134,71004522,200377,home,2025-12-12T07:51:00Z,youth,1,240,box_office,completed
TS-0002135,71005899,200377,home,2026-01-19T04:14:00Z,child,1,160,web,completed
TS-0002136,71004199,200377,home,2025-12-18T00:38:00Z,student,3,290,web,completed
TS-0002137,71005916,200377,home,2025-11-12T14:28:00Z,adult,1,420,web,completed
TS-0002138,71000000,200377,home,2025-12-13T02:31:00Z,student,1,290,web,completed
TS-0002139,71000391,200377,home,2025-11-12T09:54:00Z,youth,1,240,web,refunded
TS-0002140,71001003,200377,home,2025-12-26T02:05:00Z,adult,1,420,app,completed
TS-0002141,71004658,200377,home,2026-01-19T12:05:00Z,student,1,290,web,completed
TS-0002142,71003655,200377,home,2025-10-13T14:58:00Z,youth,1,240,web,completed
TS-0002143,71000340,200377,home,2026-01-20T05:00:00Z,adult,1,420,web,completed
TS-0002144,71001258,200377,home,2025-10-11T14:41:00Z,youth,1,240,web,completed
TS-0002145,71005678,200377,home,2025-12-01T21:25:00Z,adult,1,420,app,completed
TS-0002146,71003060,200377,home,2025-10-09T06:06:00Z,child,2,160,web,refunded
TS-0002147,71005066,200377,home,2025-12-23T22:03:00Z,student,1,290,web,completed
TS-0002148,71002975,200377,home,2025-10-19T00:06:00Z,adult,2,420,web,completed
TS-0002149,71000969,200377,home,2026-01-08T18:35:00Z,adult,2,420,web,completed
TS-0002150,71001581,200377,home,2025-09-25T13:02:00Z,adult,1,420,web,completed
TS-0002151,71003944,200377,home,2025-11-06T13:00:00Z,adult,1,420,web,completed
TS-0002152,71003366,200377,home,2026-01-13T15:46:00Z,adult,1,420,app,completed
TS-0002153,71000068,200377,home,2026-01-18T14:13:00Z,adult,1,420,web,refunded
TS-0002154,71001785,200377,home,2025-11-19T15:54:00Z,youth,3,240,app,completed
TS-0002155,71002482,200377,home,2025-10-12T20:09:00Z,adult,2,420,web,completed
TS-0002156,71005831,200377,home,2025-12-19T00:08:00Z,student,1,290,app,completed
TS-0002157,71006732,200377,home,2025-11-10T08:36:00Z,student,2,290,app,completed
TS-0002158,71003825,200377,home,2025-11-08T12:41:00Z,adult,1,420,web,completed
TS-0002159,71004726,200377,home,2025-10-22T19:53:00Z,adult,1,420,web,completed
TS-0002160,71002839,200377,home,2025-11-10T00:08:00Z,student,2,290,web,completed
TS-0002161,71002720,200377,home,2025-12-13T23:12:00Z,adult,2,420,web,completed
TS-0002162,71003009,200377,home,2026-01-20T11:17:00Z,child,1,160,web,completed
TS-0002163,71004148,200377,home,2026-01-20T04:49:00Z,student,1,290,app,completed
TS-0002164,71000782,200377,home,2025-11-03T05:27:00Z,adult,4,420,app,completed
TS-0002165,71006953,200377,home,2026-01-18T20:40:00Z,student,2,290,web,cancelled
TS-0002166,71002210,200377,home,2025-12-08T08:54:00Z,youth,3,240,web,completed
TS-0002167,71002635,200377,home,2025-09-30T19:25:00Z,adult,1,420,web,completed
TS-0002168,71005321,200377,home,2025-12-06T18:18:00Z,adult,2,420,app,completed
TS-0002169,71002822,200377,home,2026-01-08T10:54:00Z,adult,1,420,app,cancelled
TS-0002170,71006681,200377,home,2025-12-27T00:18:00Z,adult,2,420,web,completed
TS-0002171,71002737,200377,home,2025-10-25T14:37:00Z,adult,3,420,web,completed
TS-0002172,71003298,200377,home,2025-12-30T10:44:00Z,adult,1,420,app,completed
TS-0002173,71006494,200377,home,2025-12-22T14:31:00Z,student,2,290,web,completed
TS-0002174,71007055,200377,home,2025-11-11T19:41:00Z,adult,1,420,app,completed
TS-0002175,71005406,200377,home,2026-01-18T14:33:00Z,student,1,290,web,completed
TS-0002176,71004760,200377,home,2025-10-19T00:29:00Z,youth,1,240,web,completed
TS-0002177,71001870,200377,home,2025-11-01T18:38:00Z,adult,2,420,web,completed
TS-0002178,71002414,200377,home,2026-01-10T14:14:00Z,student,1,290,web,completed
TS-0002179,71005355,200377,home,2025-10-22T20:07:00Z,student,1,290,app,completed
TS-0002180,71006120,200377,home,2025-12-30T06:56:00Z,adult,1,420,web,completed
TS-0002181,71003434,200377,home,2025-12-16T08:58:00Z,student,1,290,web,completed
TS-0002182,71004250,200377,home,2026-01-19T11:42:00Z,adult,1,420,box_office,completed
TS-0002183,71005423,200377,home,2026-01-01T23:42:00Z,youth,1,240,box_office,completed
TS-0002184,71005712,200377,home,2025-12-18T05:51:00Z,child,1,160,app,completed
TS-0002185,71000323,200377,home,2025-11-09T11:45:00Z,child,2,160,web,completed
TS-0002186,71004420,200377,home,2026-01-15T07:55:00Z,student,3,290,web,completed
TS-0002187,71001649,200377,home,2025-12-07T14:38:00Z,adult,2,420,app,completed
TS-0002188,71005967,200377,home,2026-01-20T12:16:00Z,adult,2,420,web,completed
TS-0002189,71000544,200377,home,2026-01-14T16:09:00Z,adult,4,420,app,completed
TS-0002190,71006664,200377,home,2026-01-18T09:26:00Z,adult,3,420,web,completed
TS-0002191,71000799,200377,home,2026-01-18T22:24:00Z,youth,1,240,web,completed
TS-0002192,71000765,200377,home,2025-12-03T10:53:00Z,adult,1,420,web,completed
TS-0002193,71005627,200377,home,2025-12-08T16:56:00Z,child,1,160,web,completed
TS-0002194,71003417,200377,home,2025-10-17T18:57:00Z,adult,1,420,box_office,completed
TS-0002195,71006154,200377,home,2025-11-13T11:10:00Z,adult,2,420,web,completed
TS-0002196,71004318,200377,home,2025-11-30T02:57:00Z,youth,3,240,box_office,completed
TS-0002197,71004437,200377,home,2026-01-19T09:56:00Z,adult,2,420,box_office,completed
TS-0002198,71005440,200377,home,2025-11-21T13:31:00Z,youth,2,240,app,completed
TS-0002199,71004471,200377,home,2025-12-15T04:24:00Z,adult,3,420,web,refunded
TS-0002200,71002397,200377,home,2025-12-11T06:05:00Z,adult,1,420,web,completed
TS-0002201,71002771,200377,home,2026-01-19T22:52:00Z,child,2,160,box_office,completed
TS-0002202,71005848,200377,home,2026-01-18T17:55:00Z,student,2,290,web,completed
TS-0002203,71005270,200377,home,2025-10-07T12:20:00Z,adult,3,420,web,completed
TS-0002204,71006324,200377,home,2025-12-15T05:59:00Z,student,1,290,web,refunded
TS-0002205,71000034,200377,home,2026-01-18T03:27:00Z,student,1,290,web,completed
TS-0002206,71005984,200377,home,2025-11-23T23:32:00Z,adult,2,420,web,completed
TS-0002207,71003468,200377,home,2025-11-17T02:50:00Z,youth,1,240,web,completed
TS-0002208,71003672,200377,home,2025-09-24T14:58:00Z,adult,2,420,app,completed
TS-0002209,71005576,200377,home,2026-01-20T13:40:00Z,adult,2,420,app,completed
TS-0002210,71006545,200377,home,2025-11-01T20:22:00Z,adult,2,420,web,refunded
TS-0002211,71004063,200377,home,2025-12-11T13:01:00Z,adult,2,420,app,completed
TS-0002212,71000595,200377,home,2025-11-03T22:43:00Z,adult,3,420,web,completed
TS-0002213,71002601,200377,home,2025-12-31T21:32:00Z,adult,2,420,web,completed
TS-0002214,71000170,200377,home,2026-01-19T05:51:00Z,student,2,290,box_office,completed
TS-0002215,71007038,200377,home,2025-12-07T16:34:00Z,youth,1,240,web,completed
TS-0002216,71004573,200377,home,2025-12-03T00:06:00Z,adult,1,420,app,completed
TS-0002217,71000085,200377,home,2025-12-25T18:52:00Z,adult,3,420,app,refunded
TS-0002218,71004131,200377,home,2025-12-20T20:50:00Z,student,2,290,app,refunded
TS-0002219,71005491,200377,home,2025-11-28T01:07:00Z,adult,1,420,web,completed
TS-0002220,71003638,200377,home,2025-12-06T03:03:00Z,adult,1,420,web,completed
TS-0002221,71002227,200377,home,2026-01-16T21:42:00Z,student,1,290,box_office,completed
TS-0002222,71004454,200377,home,2026-01-18T10:59:00Z,student,3,290,web,completed
TS-0002223,71003570,200377,home,2026-01-19T13:46:00Z,youth,2,240,box_office,completed
TS-0002224,71004794,200377,home,2026-01-19T06:33:00Z,youth,1,240,web,completed
TS-0002225,71005287,200377,home,2026-01-19T04:29:00Z,adult,1,420,web,completed
TS-0002226,71003519,200377,home,2025-11-24T18:35:00Z,adult,1,420,app,completed
TS-0002227,71007140,200377,home,2026-01-18T21:39:00Z,adult,2,420,app,completed
TS-0002228,71006137,200377,home,2025-10-05T05:08:00Z,adult,1,420,app,cancelled
TS-0002229,71000867,200377,home,2025-12-16T00:16:00Z,adult,1,420,web,completed
TS-0002230,71006239,200377,home,2025-11-05T17:16:00Z,youth,1,240,web,completed
TS-0002231,71003978,200377,home,2026-01-20T02:45:00Z,youth,2,240,web,completed
TS-0002232,71006035,200377,home,2025-10-04T05:19:00Z,student,1,290,web,completed
TS-0002233,71005695,200377,home,2026-01-18T07:33:00Z,adult,1,420,app,completed
TS-0002234,71001037,200377,home,2025-10-24T04:51:00Z,adult,2,420,app,completed
TS-0002235,71004930,200377,home,2025-10-08T15:03:00Z,student,1,290,web,completed
TS-0002236,71006936,200377,home,2025-10-24T23:36:00Z,adult,3,420,web,completed
TS-0002237,71000510,200377,home,2025-12-25T06:51:00Z,adult,2,420,web,completed
TS-0002238,71004488,200377,home,2025-12-16T04:23:00Z,student,1,290,app,completed
TS-0002239,71002465,200377,home,2026-01-16T00:39:00Z,adult,4,420,web,completed
TS-0002240,71001972,200377,home,2026-01-19T11:03:00Z,adult,1,420,web,completed
TS-0002241,71000408,200377,home,2026-01-19T10:44:00Z,child,4,160,app,completed
TS-0002242,71005593,200377,home,2026-01-17T19:21:00Z,adult,3,420,web,completed
TS-0002243,71001496,200377,home,2026-01-10T19:40:00Z,child,2,160,box_office,completed
TS-0002244,71003111,200377,home,2025-10-12T22:19:00Z,child,1,160,web,refunded
TS-0002245,71001292,200377,home,2025-12-22T06:35:00Z,adult,1,420,web,completed
TS-0002246,71001088,200377,home,2025-12-24T16:16:00Z,adult,1,420,app,completed
TS-0002247,71001989,200377,home,2026-01-15T05:54:00Z,adult,2,420,app,completed
TS-0002248,71000017,200377,home,2025-12-08T02:45:00Z,adult,1,420,app,completed
TS-0002249,71005882,200377,home,2025-10-13T06:41:00Z,child,2,160,web,completed
TS-0002250,71002856,200377,home,2025-11-15T10:52:00Z,adult,1,420,web,completed
TS-0002251,71003791,200377,home,2026-01-06T12:24:00Z,child,2,160,web,completed
TS-0002252,71006562,200377,home,2026-01-19T06:49:00Z,adult,1,420,web,completed
TS-0002253,71006800,200377,home,2026-01-19T19:38:00Z,student,2,290,web,completed
TS-0002254,71007174,200377,home,2025-11-09T00:50:00Z,adult,1,420,web,completed
TS-0002255,71004811,200377,home,2025-09-26T15:28:00Z,youth,2,240,web,completed
TS-0002256,71002125,200377,home,2025-11-27T00:24:00Z,youth,2,240,web,completed
TS-0002257,71002329,200377,home,2026-01-18T04:06:00Z,adult,1,420,app,completed
TS-0002258,71000986,200377,home,2025-09-29T19:08:00Z,youth,2,240,web,completed
TS-0002259,71002448,200377,home,2025-10-10T00:16:00Z,adult,1,420,web,completed
TS-0002260,71000561,200377,home,2026-01-18T09:12:00Z,adult,1,420,web,completed
TS-0002261,71006290,200377,home,2025-10-23T15:44:00Z,adult,2,420,app,completed
TS-0002262,71001207,200377,home,2025-10-19T19:57:00Z,adult,1,420,web,completed
TS-0002263,71002380,200377,home,2026-01-18T09:24:00Z,adult,2,420,web,completed
TS-0002264,71005474,200377,home,2025-12-09T06:27:00Z,youth,1,240,web,completed
TS-0002265,71005253,200377,home,2026-01-19T17:17:00Z,adult,2,420,web,completed
TS-0002266,71004284,200377,home,2025-12-06T00:58:00Z,adult,2,420,box_office,completed
TS-0002267,71006273,200377,home,2025-10-04T07:38:00Z,adult,1,420,app,completed
TS-0002268,71003315,200377,home,2026-01-03T03:13:00Z,adult,1,420,app,completed
TS-0002269,71003502,200377,home,2025-10-01T07:41:00Z,adult,1,420,web,completed
TS-0002270,71006018,200377,home,2026-01-19T15:58:00Z,child,2,160,web,completed
TS-0002271,71002091,200377,home,2025-10-20T19:36:00Z,adult,1,420,web,completed
TS-0002272,71000493,200377,home,2025-12-19T16:06:00Z,adult,1,420,app,completed
TS-0002273,71001564,200377,home,2026-01-20T05:17:00Z,adult,1,420,app,completed
TS-0002274,71002907,200377,home,2025-11-17T21:40:00Z,child,3,160,app,completed
TS-0002275,71002873,200377,home,2026-01-18T00:03:00Z,adult,3,420,web,completed
TS-0002276,71002805,200377,home,2025-09-28T22:13:00Z,child,2,160,app,completed
TS-0002277,71001105,200377,home,2025-11-25T02:14:00Z,adult,1,420,web,completed
TS-0002278,71005610,200377,home,2025-10-21T11:58:00Z,adult,1,420,app,completed
TS-0002279,71004539,200377,home,2026-01-18T19:10:00Z,youth,1,240,web,completed
TS-0002280,71001904,200377,home,2026-01-08T14:10:00Z,adult,2,420,app,completed
TS-0002281,71003179,200377,home,2025-11-03T13:14:00Z,adult,4,420,web,completed
TS-0002282,71000459,200377,home,2025-10-03T07:49:00Z,youth,2,240,app,completed
TS-0002283,71001309,200377,home,2025-12-03T09:24:00Z,youth,1,240,web,completed
TS-0002284,71003587,200377,home,2026-01-20T03:36:00Z,adult,3,420,app,completed
TS-0002285,71000238,200377,home,2025-10-31T11:32:00Z,student,2,290,web,completed
TS-0002286,71006715,200377,home,2025-09-26T06:22:00Z,youth,1,240,web,completed
TS-0002287,71002958,200377,home,2025-11-14T19:25:00Z,adult,1,420,app,completed
TS-0002288,71004590,200377,home,2025-11-08T14:40:00Z,student,1,290,app,completed
TS-0002289,71003094,200377,home,2026-01-19T19:25:00Z,adult,1,420,web,completed
TS-0002290,71001071,200377,home,2026-01-19T07:44:00Z,adult,1,420,app,completed
TS-0002291,71001683,200377,home,2025-12-25T18:40:00Z,adult,1,420,web,completed
TS-0002292,71004828,200377,home,2025-11-17T00:06:00Z,adult,2,420,app,completed
TS-0002293,71002618,200377,home,2025-11-02T07:05:00Z,adult,2,420,app,completed
TS-0002294,71007191,200377,home,2025-10-19T21:04:00Z,student,1,290,app,completed
TS-0002295,71000578,200377,home,2026-01-19T02:35:00Z,youth,3,240,web,completed
TS-0002296,71002499,200377,home,2025-12-16T17:07:00Z,adult,1,420,web,completed
TS-0002297,71006817,200377,home,2026-01-19T14:39:00Z,adult,1,420,web,completed
TS-0002298,71004981,200377,home,2025-11-24T06:59:00Z,adult,1,420,web,completed
TS-0002299,71006630,200377,home,2025-12-12T15:53:00Z,child,2,160,app,completed
TS-0002300,71005338,200377,home,2025-11-04T23:44:00Z,adult,2,420,web,completed
TS-0002301,71004029,200377,home,2026-01-13T04:38:00Z,adult,1,420,web,completed
TS-0002302,71006171,200377,home,2026-01-14T05:17:00Z,adult,4,420,web,completed
TS-0002303,71000119,200377,home,2025-12-13T13:13:00Z,student,1,290,web,completed
TS-0002304,71004012,200377,home,2026-01-08T13:56:00Z,youth,3,240,web,completed
TS-0002305,71005780,200377,home,2025-12-01T15:21:00Z,adult,4,420,app,completed
TS-0002306,71004335,200377,home,2025-09-28T03:27:00Z,adult,2,420,app,completed
TS-0002307,71006409,200377,home,2025-10-02T13:57:00Z,student,1,290,app,completed
TS-0002308,71006885,200377,home,2025-10-25T03:31:00Z,adult,1,420,app,completed
TS-0002309,71003213,200377,home,2025-11-06T06:46:00Z,youth,1,240,web,completed
TS-0002310,71002346,200377,home,2025-12-25T18:34:00Z,adult,2,420,app,completed
TS-0002311,71004845,200377,home,2026-01-18T20:00:00Z,student,1,290,app,completed
TS-0002312,71000680,200377,home,2026-01-04T09:44:00Z,adult,1,420,box_office,completed
TS-0002313,71006902,200377,home,2025-12-05T14:41:00Z,adult,2,420,app,completed
TS-0002314,71002550,200377,home,2026-01-19T19:34:00Z,adult,2,420,web,completed
TS-0002315,71003706,200377,home,2025-11-30T02:51:00Z,adult,4,420,web,completed
TS-0002316,71001394,200377,home,2025-09-25T08:47:00Z,student,2,290,box_office,completed
TS-0002317,71000612,200377,home,2025-10-05T23:03:00Z,adult,1,420,web,completed
TS-0002318,71005117,200377,home,2026-01-01T20:46:00Z,adult,1,420,app,completed
TS-0002319,71005797,200377,home,2025-10-07T09:49:00Z,child,1,160,app,completed
TS-0002320,71005814,200377,home,2025-10-25T13:54:00Z,student,1,290,web,completed
TS-0002321,71000153,200377,home,2025-11-21T03:05:00Z,student,2,290,app,completed
TS-0002322,71004709,200377,home,2025-12-07T05:15:00Z,youth,1,240,app,completed
TS-0002323,71006766,200377,home,2026-01-18T21:07:00Z,student,1,290,web,completed
TS-0002324,71001853,200377,home,2025-12-06T06:27:00Z,adult,3,420,web,completed
TS-0002325,71006579,200377,home,2026-01-19T14:20:00Z,adult,1,420,web,refunded
TS-0002326,71006987,200377,home,2025-12-25T13:49:00Z,youth,2,240,app,cancelled
TS-0002327,71005559,200377,home,2025-12-31T21:16:00Z,student,1,290,app,completed
TS-0002328,71003893,200377,home,2025-11-08T13:03:00Z,adult,1,420,web,refunded
TS-0002329,71004505,200377,home,2026-01-18T20:03:00Z,youth,1,240,app,completed
TS-0002330,71006477,200377,home,2026-01-18T04:55:00Z,child,1,160,app,completed
TS-0002331,71002193,200377,home,2026-01-13T14:03:00Z,adult,3,420,box_office,completed
TS-0002332,71006103,200377,home,2025-09-27T08:16:00Z,child,1,160,box_office,completed
TS-0002333,71000663,200377,home,2025-12-28T12:36:00Z,child,1,160,web,completed
TS-0002334,71007157,200377,home,2026-01-19T08:46:00Z,adult,2,420,app,completed
TS-0002335,71002890,200377,home,2025-12-30T07:16:00Z,student,1,290,app,completed
TS-0002336,71003995,200377,home,2026-01-19T06:29:00Z,youth,1,240,web,completed
TS-0002337,71003349,200377,home,2025-11-14T23:06:00Z,adult,3,420,web,completed
TS-0002338,71000527,200377,home,2025-10-11T22:33:00Z,adult,1,420,web,completed
TS-0002339,71003859,200377,home,2025-12-20T23:17:00Z,youth,4,240,web,completed
TS-0002340,71000289,200377,home,2026-01-03T03:41:00Z,adult,3,420,web,completed
TS-0002341,71001360,200377,home,2025-11-02T05:23:00Z,adult,1,420,web,completed
TS-0002342,71001020,200377,home,2025-10-07T17:10:00Z,youth,2,240,web,completed
TS-0002343,71006596,200377,home,2025-12-02T17:49:00Z,child,2,160,app,completed
TS-0002344,71002278,200377,home,2025-12-17T16:29:00Z,adult,2,420,app,completed
TS-0002345,71002006,200377,home,2025-10-15T17:54:00Z,adult,3,420,app,completed
TS-0002346,71003553,200377,home,2026-01-14T09:56:00Z,adult,1,420,web,refunded
TS-0002347,71005134,200377,home,2026-01-17T09:21:00Z,adult,2,420,web,completed
TS-0002348,71006103,200364,away,2025-12-22T02:58:00Z,adult,2,360,web,completed
TS-0002349,71003043,200364,away,2026-01-28T07:14:00Z,adult,1,360,web,completed
TS-0002350,71000153,200364,away,2025-12-08T22:21:00Z,child,1,140,web,completed
TS-0002351,71005168,200364,away,2025-12-08T08:09:00Z,adult,1,360,web,completed
TS-0002352,71002924,200364,away,2026-01-28T07:11:00Z,adult,2,360,web,completed
TS-0002353,71003502,200364,away,2026-01-27T19:47:00Z,adult,3,360,app,completed
TS-0002354,71006222,200364,away,2026-01-26T16:14:00Z,adult,1,360,app,completed
TS-0002355,71006681,200364,away,2025-11-28T11:58:00Z,child,2,140,box_office,refunded
TS-0002356,71003247,200364,away,2025-12-10T00:42:00Z,adult,1,360,web,completed
TS-0002357,71004335,200364,away,2026-01-27T15:27:00Z,child,4,140,web,refunded
TS-0002358,71004369,200364,away,2026-01-28T06:43:00Z,adult,4,360,box_office,completed
TS-0002359,71005304,200364,away,2025-11-06T12:08:00Z,child,2,140,app,completed
TS-0002360,71006885,200364,away,2025-10-23T19:26:00Z,student,1,250,app,completed
TS-0002361,71004148,200364,away,2025-10-28T07:17:00Z,youth,2,200,box_office,completed
TS-0002362,71000425,200364,away,2025-12-04T17:02:00Z,youth,1,200,web,completed
TS-0002363,71005219,200364,away,2026-01-20T08:47:00Z,adult,1,360,app,completed
TS-0002364,71002618,200364,away,2025-12-30T17:48:00Z,adult,1,360,app,completed
TS-0002365,71001615,200364,away,2025-10-20T06:47:00Z,adult,1,360,app,completed
TS-0002366,71001547,200364,away,2026-01-28T08:57:00Z,youth,2,200,app,completed
TS-0002367,71001717,200364,away,2026-01-28T14:16:00Z,student,2,250,app,completed
TS-0002368,71003621,200364,away,2025-10-12T06:40:00Z,student,2,250,app,completed
TS-0002369,71004199,200364,away,2026-01-27T23:23:00Z,youth,2,200,web,completed
TS-0002370,71001989,200364,away,2025-12-20T10:03:00Z,student,1,250,web,completed
TS-0002371,71005729,200364,away,2026-01-13T22:07:00Z,youth,1,200,box_office,completed
TS-0002372,71000969,200364,away,2025-10-22T04:09:00Z,adult,2,360,web,completed
TS-0002373,71004777,200364,away,2026-01-10T09:29:00Z,adult,1,360,box_office,completed
TS-0002374,71000017,200364,away,2026-01-02T10:44:00Z,youth,1,200,app,completed
TS-0002375,71004403,200364,away,2026-01-26T04:14:00Z,youth,1,200,web,completed
TS-0002376,71002074,200364,away,2025-11-11T20:46:00Z,youth,4,200,web,completed
TS-0002377,71000833,200364,away,2025-12-21T21:10:00Z,student,1,250,app,completed
TS-0002378,71002006,200364,away,2026-01-25T19:08:00Z,adult,1,360,web,completed
TS-0002379,71005984,200364,away,2026-01-26T09:10:00Z,adult,1,360,box_office,completed
TS-0002380,71000306,200364,away,2025-12-25T09:19:00Z,student,1,250,app,completed
TS-0002381,71006035,200364,away,2025-10-30T06:13:00Z,adult,2,360,web,completed
TS-0002382,71003706,200364,away,2026-01-27T23:14:00Z,adult,3,360,web,completed
TS-0002383,71002669,200364,away,2026-01-26T22:05:00Z,youth,1,200,app,completed
TS-0002384,71002482,200364,away,2025-11-22T21:54:00Z,adult,1,360,web,completed
TS-0002385,71000051,200364,away,2026-01-28T13:52:00Z,adult,1,360,box_office,completed
TS-0002386,71000714,200364,away,2025-12-27T17:59:00Z,youth,2,200,app,completed
TS-0002387,71000663,200364,away,2026-01-03T14:57:00Z,adult,1,360,app,completed
TS-0002388,71007157,200364,away,2025-11-20T03:26:00Z,child,2,140,web,completed
TS-0002389,71001156,200364,away,2026-01-16T04:48:00Z,adult,2,360,web,completed
TS-0002390,71005644,200364,away,2026-01-27T14:23:00Z,youth,2,200,web,completed
TS-0002391,71003825,200364,away,2025-11-26T10:26:00Z,student,1,250,app,completed
TS-0002392,71002839,200364,away,2025-11-06T22:27:00Z,adult,4,360,box_office,completed
TS-0002393,71005372,200364,away,2025-12-21T05:59:00Z,child,2,140,app,completed
TS-0002394,71004828,200364,away,2025-11-22T03:29:00Z,adult,3,360,web,refunded
TS-0002395,71003910,200364,away,2026-01-28T16:44:00Z,child,4,140,web,completed
TS-0002396,71004182,200364,away,2026-01-28T12:58:00Z,adult,1,360,web,completed
TS-0002397,71002023,200364,away,2025-11-24T22:24:00Z,child,2,140,app,completed
TS-0002398,71005389,200364,away,2025-12-01T12:43:00Z,adult,3,360,web,completed
TS-0002399,71000952,200364,away,2026-01-27T11:51:00Z,adult,3,360,web,completed
TS-0002400,71005678,200364,away,2025-11-15T19:14:00Z,adult,2,360,web,completed
TS-0002401,71004250,200364,away,2025-11-26T07:52:00Z,adult,2,360,app,completed
TS-0002402,71007089,200364,away,2025-11-13T15:44:00Z,adult,1,360,web,completed
TS-0002403,71002176,200364,away,2026-01-27T16:38:00Z,adult,1,360,web,completed
TS-0002404,71007208,200364,away,2026-01-27T05:05:00Z,child,1,140,web,completed
TS-0002405,71005236,200364,away,2025-11-09T02:05:00Z,adult,1,360,app,completed
TS-0002406,71000204,200364,away,2025-10-17T08:05:00Z,adult,2,360,app,completed
TS-0002407,71001904,200364,away,2025-12-15T08:01:00Z,child,2,140,web,refunded
TS-0002408,71004930,200364,away,2025-11-15T17:00:00Z,child,3,140,web,completed
TS-0002409,71004488,200364,away,2026-01-26T23:27:00Z,adult,2,360,app,completed
TS-0002410,71004114,200364,away,2025-12-14T22:50:00Z,adult,1,360,app,completed
TS-0002411,71006902,200364,away,2026-01-27T15:11:00Z,youth,1,200,web,completed
TS-0002412,71003689,200364,away,2026-01-27T21:52:00Z,adult,1,360,web,completed
TS-0002413,71003128,200364,away,2025-12-25T20:25:00Z,child,2,140,app,completed
TS-0002414,71002788,200364,away,2026-01-27T09:52:00Z,student,2,250,web,completed
TS-0002415,71000136,200364,away,2026-01-26T00:07:00Z,student,1,250,web,completed
TS-0002416,71005797,200364,away,2025-11-15T11:17:00Z,student,1,250,web,completed
TS-0002417,71006953,200364,away,2026-01-21T10:54:00Z,student,1,250,web,completed
TS-0002418,71006868,200364,away,2025-10-07T11:14:00Z,adult,1,360,web,completed
TS-0002419,71002635,200364,away,2025-12-29T11:26:00Z,adult,1,360,web,completed
TS-0002420,71003893,200364,away,2025-11-12T22:56:00Z,youth,1,200,box_office,completed
TS-0002421,71000510,200364,away,2026-01-09T09:10:00Z,adult,2,360,app,completed
TS-0002422,71000901,200364,away,2026-01-01T14:58:00Z,adult,1,360,web,completed
TS-0002423,71002873,200364,away,2026-01-24T16:10:00Z,adult,4,360,web,completed
TS-0002424,71006358,200364,away,2025-12-14T10:25:00Z,youth,2,200,web,completed
TS-0002425,71004420,200364,away,2026-01-27T00:51:00Z,adult,1,360,web,completed
TS-0002426,71007072,200364,away,2025-11-27T21:31:00Z,student,1,250,web,completed
TS-0002427,71000272,200364,away,2026-01-17T15:05:00Z,adult,1,360,web,completed
TS-0002428,71003519,200364,away,2025-11-01T06:56:00Z,student,2,250,web,completed
TS-0002429,71004896,200364,away,2026-01-26T01:14:00Z,adult,3,360,web,completed
TS-0002430,71003672,200364,away,2025-10-07T01:06:00Z,student,1,250,app,completed
TS-0002431,71004811,200364,away,2025-11-22T18:54:00Z,adult,3,360,web,completed
TS-0002432,71000238,200364,away,2025-10-20T11:11:00Z,adult,2,360,box_office,completed
TS-0002433,71003196,200364,away,2026-01-26T22:04:00Z,child,4,140,app,completed
TS-0002434,71004012,200364,away,2025-10-26T09:51:00Z,student,1,250,web,completed
TS-0002435,71002278,200364,away,2026-01-26T16:27:00Z,youth,2,200,app,completed
TS-0002436,71000374,200364,away,2025-12-11T20:06:00Z,adult,2,360,web,completed
TS-0002437,71006171,200364,away,2025-10-11T11:47:00Z,adult,1,360,app,completed
TS-0002438,71001275,200364,away,2025-11-14T16:30:00Z,adult,2,360,web,completed
TS-0002439,71006698,200364,away,2025-10-13T03:52:00Z,adult,4,360,app,completed
TS-0002440,71001105,200364,away,2026-01-28T01:37:00Z,youth,3,200,app,completed
TS-0002441,71006664,200364,away,2026-01-18T15:38:00Z,youth,2,200,app,completed
TS-0002442,71005950,200364,away,2026-01-26T21:06:00Z,adult,1,360,web,completed
TS-0002443,71002533,200364,away,2025-10-12T16:03:00Z,youth,4,200,web,completed
TS-0002444,71001292,200364,away,2026-01-26T10:27:00Z,child,2,140,web,completed
TS-0002445,71004284,200364,away,2025-12-30T02:12:00Z,adult,3,360,app,completed
TS-0002446,71003927,200364,away,2026-01-27T19:51:00Z,adult,2,360,web,completed
TS-0002447,71005916,200364,away,2025-12-29T17:17:00Z,student,1,250,web,completed
TS-0002448,71003791,200364,away,2026-01-27T21:54:00Z,youth,3,200,web,completed
TS-0002449,71001564,200364,away,2025-10-03T23:30:00Z,youth,1,200,app,completed
TS-0002450,71003774,200364,away,2026-01-27T01:44:00Z,adult,1,360,app,completed
TS-0002451,71004709,200364,away,2026-01-26T23:22:00Z,child,3,140,box_office,completed
TS-0002452,71005406,200364,away,2025-12-16T19:02:00Z,adult,3,360,web,completed
TS-0002453,71000323,200364,away,2025-11-09T08:32:00Z,child,1,140,web,completed
TS-0002454,71000918,200364,away,2025-10-01T03:53:00Z,child,1,140,web,completed
TS-0002455,71005661,200364,away,2025-10-08T15:30:00Z,youth,2,200,web,completed
TS-0002456,71004522,200364,away,2025-12-14T08:05:00Z,adult,1,360,app,completed
TS-0002457,71002040,200364,away,2025-12-25T12:30:00Z,adult,1,360,web,completed
TS-0002458,71006392,200364,away,2026-01-26T04:09:00Z,youth,2,200,web,completed
TS-0002459,71001870,200364,away,2026-01-01T11:15:00Z,student,1,250,web,completed
TS-0002460,71000986,200364,away,2026-01-22T18:41:00Z,adult,1,360,app,completed
TS-0002461,71006766,200364,away,2025-10-15T22:40:00Z,student,4,250,app,completed
TS-0002462,71005185,200364,away,2025-12-26T20:05:00Z,student,1,250,app,completed
TS-0002463,71006613,200364,away,2025-12-05T15:47:00Z,student,2,250,app,cancelled
TS-0002464,71002601,200364,away,2026-01-07T22:15:00Z,youth,3,200,app,refunded
TS-0002465,71001309,200364,away,2025-12-03T10:19:00Z,youth,2,200,box_office,completed
TS-0002466,71006324,200364,away,2025-12-26T04:19:00Z,student,1,250,app,refunded
TS-0002467,71001853,200364,away,2025-10-14T20:19:00Z,adult,3,360,web,completed
TS-0002468,71000612,200364,away,2026-01-27T12:52:00Z,adult,4,360,app,refunded
TS-0002469,71000867,208487,home,2026-02-07T12:15:00Z,child,1,160,app,completed
TS-0002470,71000578,208487,home,2026-01-09T09:50:00Z,student,1,290,web,completed
TS-0002471,71001853,208487,home,2026-01-13T23:27:00Z,student,3,290,app,completed
TS-0002472,71000986,208487,home,2026-02-15T19:20:00Z,child,1,160,app,completed
TS-0002473,71003196,208487,home,2025-11-26T03:39:00Z,adult,1,420,app,completed
TS-0002474,71002125,208487,home,2025-11-17T16:47:00Z,child,2,160,web,completed
TS-0002475,71000544,208487,home,2026-01-18T10:05:00Z,child,2,160,web,completed
TS-0002476,71000221,208487,home,2025-12-17T11:46:00Z,adult,1,420,web,completed
TS-0002477,71002023,208487,home,2026-01-17T20:07:00Z,student,1,290,web,completed
TS-0002478,71002941,208487,home,2025-11-10T09:07:00Z,adult,2,420,app,completed
TS-0002479,71002414,208487,home,2025-12-16T03:17:00Z,adult,3,420,web,completed
TS-0002480,71003859,208487,home,2026-01-08T23:45:00Z,adult,2,420,app,completed
TS-0002481,71002465,208487,home,2026-01-16T10:46:00Z,adult,2,420,app,completed
TS-0002482,71005712,208487,home,2026-02-17T20:37:00Z,adult,2,420,web,completed
TS-0002483,71003366,208487,home,2026-02-18T16:06:00Z,adult,2,420,box_office,completed
TS-0002484,71004811,208487,home,2026-02-16T06:27:00Z,child,1,160,app,completed
TS-0002485,71005678,208487,home,2026-02-18T13:41:00Z,student,1,290,app,completed
TS-0002486,71002737,208487,home,2026-02-13T12:51:00Z,child,2,160,web,completed
TS-0002487,71006562,208487,home,2026-01-24T11:29:00Z,adult,2,420,web,completed
TS-0002488,71001394,208487,home,2026-02-16T01:22:00Z,student,2,290,box_office,completed
TS-0002489,71001020,208487,home,2026-01-30T02:15:00Z,youth,1,240,web,completed
TS-0002490,71000918,208487,home,2025-12-05T01:57:00Z,adult,1,420,web,completed
TS-0002491,71000119,208487,home,2026-02-08T10:18:00Z,adult,2,420,web,completed
TS-0002492,71006987,208487,home,2026-02-15T19:35:00Z,student,3,290,web,completed
TS-0002493,71005695,208487,home,2025-10-27T19:35:00Z,adult,1,420,app,completed
TS-0002494,71000510,208487,home,2025-10-26T06:17:00Z,adult,1,420,box_office,completed
TS-0002495,71001904,208487,home,2026-02-16T00:14:00Z,adult,1,420,web,completed
TS-0002496,71001207,208487,home,2026-02-16T15:28:00Z,adult,1,420,web,completed
TS-0002497,71000102,208487,home,2025-11-21T20:31:00Z,adult,3,420,web,completed
TS-0002498,71002397,208487,home,2026-02-11T21:25:00Z,adult,1,420,web,completed
TS-0002499,71005865,208487,home,2025-11-16T08:34:00Z,student,1,290,web,completed
TS-0002500,71003332,208487,home,2025-12-16T11:38:00Z,adult,1,420,web,completed
TS-0002501,71006086,208487,home,2026-02-17T01:31:00Z,adult,2,420,web,completed
TS-0002502,71003043,208487,home,2025-11-25T19:29:00Z,child,4,160,web,completed
TS-0002503,71006477,208487,home,2025-12-13T18:05:00Z,youth,3,240,box_office,completed
TS-0002504,71006511,208487,home,2026-02-16T12:44:00Z,child,3,160,web,completed
TS-0002505,71000884,208487,home,2026-02-17T03:47:00Z,adult,4,420,web,completed
TS-0002506,71004233,208487,home,2025-10-30T23:46:00Z,adult,1,420,app,completed
TS-0002507,71004284,208487,home,2026-02-10T00:17:00Z,student,1,290,web,completed
TS-0002508,71004539,208487,home,2025-12-30T07:35:00Z,adult,1,420,box_office,refunded
TS-0002509,71001717,208487,home,2026-02-16T08:05:00Z,youth,2,240,web,completed
TS-0002510,71006834,208487,home,2026-02-17T03:11:00Z,adult,2,420,web,completed
TS-0002511,71003689,208487,home,2025-12-28T08:21:00Z,youth,2,240,app,completed
TS-0002512,71003740,208487,home,2026-02-15T23:25:00Z,adult,1,420,app,completed
TS-0002513,71005287,208487,home,2025-11-04T18:50:00Z,adult,1,420,web,completed
TS-0002514,71005831,208487,home,2025-12-17T22:53:00Z,adult,1,420,web,completed
TS-0002515,71002057,208487,home,2025-11-22T21:40:00Z,youth,2,240,web,completed
TS-0002516,71003213,208487,home,2026-01-06T12:10:00Z,adult,1,420,web,completed
TS-0002517,71004760,208487,home,2025-11-15T09:54:00Z,adult,3,420,web,completed
TS-0002518,71002329,208487,home,2026-02-16T17:16:00Z,student,2,290,box_office,completed
TS-0002519,71006290,208487,home,2026-02-08T19:50:00Z,adult,1,420,app,completed
TS-0002520,71001598,208487,home,2025-10-31T14:17:00Z,student,1,290,app,completed
TS-0002521,71002567,208487,home,2026-02-17T04:13:00Z,adult,2,420,app,completed
TS-0002522,71001479,208487,home,2025-12-24T11:27:00Z,child,1,160,web,completed
TS-0002523,71006885,208487,home,2026-01-16T09:24:00Z,youth,1,240,app,completed
TS-0002524,71003757,208487,home,2026-02-17T04:53:00Z,adult,2,420,app,refunded
TS-0002525,71003910,208487,home,2025-12-11T23:20:00Z,student,1,290,web,completed
TS-0002526,71004624,208487,home,2026-01-21T23:15:00Z,youth,1,240,web,completed
TS-0002527,71003961,208487,home,2025-11-03T13:22:00Z,adult,3,420,app,completed
TS-0002528,71003655,208487,home,2025-12-10T20:26:00Z,youth,1,240,web,completed
TS-0002529,71005933,208487,home,2025-11-19T09:01:00Z,adult,1,420,box_office,completed
TS-0002530,71006154,208487,home,2026-02-04T14:59:00Z,adult,2,420,web,cancelled
TS-0002531,71007140,208487,home,2025-11-26T09:59:00Z,youth,1,240,web,completed
TS-0002532,71007021,208487,home,2026-01-26T08:20:00Z,adult,2,420,app,completed
TS-0002533,71001377,208487,home,2025-11-27T21:23:00Z,child,1,160,web,completed
TS-0002534,71003621,208487,home,2026-02-18T09:17:00Z,youth,2,240,app,completed
TS-0002535,71001785,208487,home,2026-02-16T20:49:00Z,adult,3,420,web,completed
TS-0002536,71001887,208487,home,2026-02-10T22:02:00Z,adult,1,420,box_office,completed
TS-0002537,71005151,208487,home,2026-02-17T14:26:00Z,student,1,290,web,completed
TS-0002538,71006256,208487,home,2025-10-28T21:06:00Z,adult,1,420,web,completed
TS-0002539,71005440,208487,home,2025-11-20T20:45:00Z,adult,2,420,web,completed
TS-0002540,71004930,208487,home,2026-02-18T12:32:00Z,adult,4,420,web,completed
TS-0002541,71002771,208487,home,2025-12-23T18:43:00Z,adult,2,420,app,refunded
TS-0002542,71004012,208487,home,2026-01-24T21:28:00Z,student,4,290,web,completed
TS-0002543,71000051,208487,home,2025-12-09T03:34:00Z,adult,1,420,app,completed
TS-0002544,71004250,208487,home,2026-02-17T15:11:00Z,adult,1,420,box_office,completed
TS-0002545,71005100,208487,home,2025-12-06T17:25:00Z,student,1,290,app,completed
TS-0002546,71000068,208487,home,2025-11-10T21:43:00Z,adult,1,420,web,completed
TS-0002547,71002074,208487,home,2026-01-17T18:29:00Z,adult,1,420,web,completed
TS-0002548,71006800,208487,home,2026-02-18T14:51:00Z,child,1,160,web,completed
TS-0002549,71001666,208487,home,2025-10-30T19:49:00Z,adult,1,420,web,completed
TS-0002550,71002516,208487,home,2025-11-16T17:30:00Z,student,1,290,web,completed
TS-0002551,71002856,208487,home,2026-02-18T12:13:00Z,adult,1,420,web,completed
TS-0002552,71004454,208487,home,2025-11-11T18:40:00Z,adult,2,420,web,completed
TS-0002553,71005406,208487,home,2026-02-16T14:10:00Z,adult,1,420,app,completed
TS-0002554,71005746,208487,home,2026-02-14T12:31:00Z,adult,1,420,web,completed
TS-0002555,71005083,208487,home,2026-02-18T04:40:00Z,adult,2,420,web,completed
TS-0002556,71003927,208487,home,2026-02-12T10:55:00Z,adult,3,420,web,completed
TS-0002557,71002448,208487,home,2025-12-06T13:14:00Z,student,3,290,app,completed
TS-0002558,71005525,208487,home,2026-02-18T12:19:00Z,adult,3,420,web,completed
TS-0002559,71005236,208487,home,2025-12-14T15:19:00Z,adult,2,420,web,completed
TS-0002560,71002142,208487,home,2025-10-31T17:50:00Z,youth,1,240,app,completed
TS-0002561,71001564,208487,home,2026-02-18T14:36:00Z,adult,4,420,web,completed
TS-0002562,71007157,208487,home,2025-11-14T22:43:00Z,student,1,290,app,completed
TS-0002563,71001547,208487,home,2026-02-16T21:56:00Z,child,1,160,web,completed
TS-0002564,71005967,208487,home,2026-02-17T16:10:00Z,adult,1,420,box_office,completed
TS-0002565,71002227,208487,home,2026-02-17T02:59:00Z,student,1,290,web,completed
TS-0002566,71003638,208487,home,2026-01-13T19:43:00Z,adult,1,420,web,completed
TS-0002567,71000935,208487,home,2026-02-04T11:21:00Z,adult,2,420,web,completed
TS-0002568,71005899,208487,home,2026-02-08T13:00:00Z,child,2,160,web,completed
TS-0002569,71003247,208487,home,2025-12-06T19:52:00Z,adult,3,420,app,completed
TS-0002570,71000255,208487,home,2026-02-16T08:51:00Z,adult,1,420,web,completed
TS-0002571,71006783,208487,home,2025-10-22T07:46:00Z,adult,1,420,web,completed
TS-0002572,71005049,208487,home,2026-02-16T06:08:00Z,adult,1,420,app,completed
TS-0002573,71001819,208487,home,2025-11-23T22:50:00Z,youth,1,240,app,completed
TS-0002574,71002380,208487,home,2026-01-25T09:58:00Z,adult,1,420,web,completed
TS-0002575,71006426,208487,home,2026-02-16T02:05:00Z,adult,1,420,app,completed
TS-0002576,71005950,208487,home,2025-11-17T03:37:00Z,child,1,160,web,completed
TS-0002577,71007004,208487,home,2026-02-17T08:54:00Z,youth,3,240,web,completed
TS-0002578,71005491,208487,home,2025-12-14T00:48:00Z,student,1,290,box_office,completed
TS-0002579,71000340,208487,home,2026-01-12T15:56:00Z,youth,2,240,web,completed
TS-0002580,71002193,208487,home,2025-11-08T08:02:00Z,student,4,290,web,completed
TS-0002581,71003570,208487,home,2026-02-17T15:16:00Z,student,4,290,web,completed
TS-0002582,71002363,208487,home,2025-12-24T19:25:00Z,adult,3,420,box_office,completed
TS-0002583,71004522,208487,home,2026-01-19T16:51:00Z,adult,1,420,web,completed
TS-0002584,71006171,208487,home,2025-12-18T21:16:00Z,adult,1,420,app,completed
TS-0002585,71001173,208487,home,2025-10-27T15:22:00Z,child,2,160,web,completed
TS-0002586,71000595,208487,home,2026-01-08T06:47:00Z,student,1,290,web,completed
TS-0002587,71000493,208487,home,2025-12-08T16:49:00Z,youth,4,240,web,completed
TS-0002588,71000646,208487,home,2026-02-16T12:03:00Z,adult,1,420,web,completed
TS-0002589,71004573,208487,home,2026-01-02T02:07:00Z,student,1,290,web,completed
TS-0002590,71001275,208487,home,2026-01-26T00:13:00Z,adult,2,420,app,completed
TS-0002591,71002040,208487,home,2026-01-26T02:05:00Z,adult,1,420,web,completed
TS-0002592,71002533,208487,home,2026-02-04T13:35:00Z,adult,2,420,web,completed
TS-0002593,71003094,208487,home,2025-11-23T19:37:00Z,adult,3,420,box_office,completed
TS-0002594,71004352,208487,home,2026-02-18T02:29:00Z,adult,1,420,app,completed
TS-0002595,71001955,208487,home,2025-12-17T12:39:00Z,adult,1,420,app,completed
TS-0002596,71004488,208487,home,2025-12-08T19:30:00Z,student,1,290,web,completed
TS-0002597,71006630,208487,home,2026-01-16T05:11:00Z,adult,2,420,web,completed
TS-0002598,71002686,208487,home,2025-12-19T18:43:00Z,adult,3,420,box_office,completed
TS-0002599,71001921,208487,home,2026-02-16T11:22:00Z,youth,3,240,web,completed
TS-0002600,71005338,208487,home,2025-12-29T01:19:00Z,youth,1,240,app,completed
TS-0002601,71004080,208487,home,2026-01-15T23:29:00Z,student,2,290,web,completed
TS-0002602,71002805,208487,home,2026-01-19T23:58:00Z,adult,2,420,web,completed
TS-0002603,71004964,208487,home,2026-02-17T23:32:00Z,student,2,290,web,completed
TS-0002604,71006749,208487,home,2025-10-29T01:04:00Z,child,1,160,app,completed
TS-0002605,71001938,208487,home,2025-11-22T04:48:00Z,adult,2,420,box_office,completed
TS-0002606,71001496,208487,home,2025-11-24T00:38:00Z,adult,1,420,box_office,completed
TS-0002607,71001088,208487,home,2025-12-24T04:58:00Z,child,1,160,web,completed
TS-0002608,71003876,208487,home,2025-11-25T19:30:00Z,youth,3,240,web,completed
TS-0002609,71003128,208487,home,2026-01-18T00:23:00Z,youth,2,240,web,completed
TS-0002610,71007174,208487,home,2026-01-20T22:22:00Z,adult,2,420,app,completed
TS-0002611,71006936,208487,home,2025-12-25T16:59:00Z,youth,2,240,web,refunded
TS-0002612,71003468,208487,home,2025-11-01T02:43:00Z,student,1,290,app,completed
TS-0002613,71005270,208487,home,2025-12-17T03:04:00Z,youth,2,240,web,completed
TS-0002614,71000612,208487,home,2026-01-01T22:15:00Z,adult,1,420,web,completed
TS-0002615,71004556,208487,home,2025-12-16T11:26:00Z,youth,1,240,app,completed
TS-0002616,71003842,208487,home,2025-11-14T17:16:00Z,adult,1,420,web,completed
TS-0002617,71000153,208487,home,2026-02-18T01:43:00Z,adult,1,420,web,completed
TS-0002618,71003944,208487,home,2026-01-27T03:27:00Z,adult,2,420,web,completed
TS-0002619,71005219,208487,home,2026-02-10T19:15:00Z,adult,1,420,web,completed
TS-0002620,71006103,208487,home,2025-12-20T19:36:00Z,adult,2,420,web,completed
TS-0002621,71003111,208487,home,2026-01-17T17:34:00Z,youth,2,240,app,completed
TS-0002622,71002159,208487,home,2026-02-17T18:15:00Z,youth,2,240,app,completed
TS-0002623,71003553,208487,home,2025-12-25T16:53:00Z,adult,1,420,web,completed
TS-0002624,71005729,208487,home,2025-12-11T18:31:00Z,adult,2,420,app,completed
TS-0002625,71004114,208487,home,2026-02-05T13:34:00Z,adult,2,420,app,completed
TS-0002626,71000357,208487,home,2026-02-16T16:36:00Z,child,1,160,box_office,refunded
TS-0002627,71006766,208487,home,2025-11-14T06:31:00Z,adult,1,420,web,completed
TS-0002628,71000476,208487,home,2026-02-16T20:52:00Z,child,1,160,web,completed
TS-0002629,71006851,208487,home,2025-12-02T07:28:00Z,adult,3,420,app,completed
TS-0002630,71002261,208487,home,2026-01-30T14:01:00Z,adult,1,420,web,completed
TS-0002631,71000017,208487,home,2025-12-04T03:30:00Z,adult,2,420,web,completed
TS-0002632,71006018,208487,home,2026-01-23T03:17:00Z,student,1,290,web,completed
TS-0002633,71003179,208487,home,2026-01-07T14:39:00Z,adult,2,420,web,cancelled
TS-0002634,71002907,208487,home,2026-02-18T00:47:00Z,student,2,290,app,completed
TS-0002635,71006579,208487,home,2026-02-18T05:32:00Z,adult,1,420,web,completed
TS-0002636,71002958,208487,home,2025-11-07T06:10:00Z,youth,1,240,web,completed
TS-0002637,71003349,208487,home,2026-02-17T11:49:00Z,adult,1,420,web,completed
TS-0002638,71002601,208487,home,2026-01-26T17:06:00Z,adult,1,420,web,completed
TS-0002639,71003791,208487,home,2026-01-11T06:47:00Z,adult,2,420,app,completed
TS-0002640,71004607,208487,home,2025-11-18T19:24:00Z,adult,4,420,web,completed
TS-0002641,71006120,208487,home,2026-02-17T02:54:00Z,youth,1,240,web,completed
TS-0002642,71006817,208487,home,2025-10-23T04:33:00Z,student,1,290,web,completed
TS-0002643,71004437,208487,home,2025-11-20T17:02:00Z,adult,1,420,app,completed
TS-0002644,71005134,208487,home,2025-10-26T06:11:00Z,student,2,290,app,completed
TS-0002645,71007123,208487,home,2026-02-15T19:43:00Z,adult,1,420,web,completed
TS-0002646,71003281,208487,home,2026-02-16T14:32:00Z,adult,1,420,web,completed
TS-0002647,71001411,208487,home,2026-02-11T19:02:00Z,student,3,290,web,completed
TS-0002648,71000969,208487,home,2026-02-18T03:09:00Z,adult,2,420,app,completed
TS-0002649,71000408,208487,home,2025-11-30T22:38:00Z,adult,1,420,web,completed
TS-0002650,71005644,208487,home,2026-02-17T10:05:00Z,adult,1,420,app,completed
TS-0002651,71000238,208487,home,2026-01-25T21:20:00Z,youth,2,240,web,completed
TS-0002652,71006375,208487,home,2025-11-13T09:05:00Z,youth,1,240,web,completed
TS-0002653,71003383,208487,home,2026-02-17T22:34:00Z,adult,2,420,app,completed
TS-0002654,71001581,208487,home,2026-02-15T07:28:00Z,adult,1,420,web,completed
TS-0002655,71003995,208487,home,2026-01-17T03:56:00Z,adult,1,420,app,completed
TS-0002656,71005763,208487,home,2026-02-16T01:13:00Z,adult,2,420,app,completed
TS-0002657,71005168,208487,home,2026-01-10T19:23:00Z,child,1,160,app,completed
TS-0002658,71003230,208487,home,2025-11-27T06:30:00Z,youth,1,240,app,completed
TS-0002659,71004097,208487,home,2026-01-03T13:51:00Z,child,1,160,web,completed
TS-0002660,71005576,208487,home,2025-12-06T20:44:00Z,student,4,290,web,completed
TS-0002661,71003808,208487,home,2025-11-22T03:03:00Z,youth,1,240,web,completed
TS-0002662,71004998,208487,home,2026-02-16T13:51:00Z,adult,1,420,web,completed
TS-0002663,71001802,208487,home,2025-11-17T15:08:00Z,adult,3,420,box_office,completed
TS-0002664,71005117,208487,home,2025-12-16T19:09:00Z,adult,1,420,app,completed
TS-0002665,71002006,208487,home,2025-11-07T15:23:00Z,adult,2,420,web,completed
TS-0002666,71004471,208487,home,2025-11-07T12:22:00Z,youth,1,240,app,completed
TS-0002667,71001836,208487,home,2025-12-10T15:36:00Z,student,2,290,web,completed
TS-0002668,71002669,208487,home,2025-10-23T18:41:00Z,adult,1,420,web,completed
TS-0002669,71005610,208487,home,2026-02-03T02:28:00Z,child,1,160,app,completed
TS-0002670,71004369,208487,home,2026-02-12T11:02:00Z,child,1,160,app,completed
TS-0002671,71004029,208487,home,2025-12-08T08:01:00Z,youth,2,240,web,completed
TS-0002672,71000425,208487,home,2026-02-18T05:58:00Z,adult,2,420,web,completed
TS-0002673,71004216,208487,home,2025-10-22T15:27:00Z,student,1,290,web,completed
TS-0002674,71006035,208487,home,2025-12-10T10:54:00Z,adult,3,420,web,completed
TS-0002675,71003825,208487,home,2025-11-28T20:23:00Z,child,2,160,box_office,completed
TS-0002676,71006698,208487,home,2025-12-09T11:45:00Z,child,2,160,app,completed
TS-0002677,71006443,208487,home,2026-02-18T04:39:00Z,adult,1,420,web,completed
TS-0002678,71000697,208487,home,2025-11-11T20:37:00Z,student,4,290,app,completed
TS-0002679,71001003,208487,home,2025-12-08T06:24:00Z,student,2,290,app,completed
TS-0002680,71006222,208487,home,2026-02-08T10:23:00Z,adult,1,420,app,completed
TS-0002681,71000391,208487,home,2026-01-06T22:09:00Z,adult,2,420,app,completed
TS-0002682,71006868,208487,home,2026-02-15T20:45:00Z,adult,3,420,app,completed
TS-0002683,71000204,208487,home,2026-02-16T06:35:00Z,adult,2,420,web,completed
TS-0002684,71001530,208487,home,2025-11-21T18:03:00Z,adult,1,420,app,completed
TS-0002685,71001751,208487,home,2026-02-18T07:20:00Z,adult,1,420,web,completed
TS-0002686,71003536,208487,home,2026-02-17T11:45:00Z,adult,2,420,web,refunded
TS-0002687,71003978,208487,home,2025-12-20T14:00:00Z,student,1,290,web,completed
TS-0002688,71001139,208487,home,2025-10-25T21:29:00Z,adult,2,420,app,completed
TS-0002689,71001156,208487,home,2026-02-17T09:53:00Z,child,1,160,web,completed
TS-0002690,71002924,208487,home,2026-01-31T17:51:00Z,adult,1,420,web,completed
TS-0002691,71000680,208487,home,2025-10-22T07:06:00Z,child,1,160,box_office,completed
TS-0002692,71002720,208487,home,2025-11-15T10:27:00Z,adult,1,420,app,completed
TS-0002693,71005661,208487,home,2026-01-24T10:22:00Z,adult,1,420,web,completed
TS-0002694,71003672,208487,home,2025-11-06T18:12:00Z,adult,1,420,app,completed
TS-0002695,71000034,208487,home,2025-12-16T03:02:00Z,adult,2,420,web,completed
TS-0002696,71004182,208487,home,2026-02-16T01:26:00Z,adult,2,420,box_office,completed
TS-0002697,71003451,208487,home,2025-11-11T05:23:00Z,adult,1,420,app,completed
TS-0002698,71000170,208487,home,2025-11-08T05:51:00Z,adult,2,420,app,completed
TS-0002699,71000306,208487,home,2026-02-17T19:27:00Z,adult,3,420,web,completed
TS-0002700,71001462,208487,home,2026-02-16T02:07:00Z,adult,2,420,app,completed
TS-0002701,71002890,208487,home,2026-02-04T00:39:00Z,adult,1,420,app,completed
TS-0002702,71000272,208487,home,2026-01-11T12:38:00Z,student,2,290,web,completed
TS-0002703,71005321,208487,home,2026-02-17T06:54:00Z,youth,1,240,app,completed
TS-0002704,71000527,208487,home,2026-02-06T16:09:00Z,adult,4,420,web,completed
TS-0002705,71002975,208487,home,2025-11-12T02:38:00Z,adult,1,420,app,completed
TS-0002706,71002278,208487,home,2026-01-22T03:49:00Z,adult,2,420,app,completed
TS-0002707,71001037,208487,home,2025-11-10T16:39:00Z,student,3,290,app,completed
TS-0002708,71001870,208487,home,2026-02-15T20:15:00Z,student,3,290,box_office,completed
TS-0002709,71003417,208487,home,2026-01-24T06:22:00Z,adult,2,420,web,completed
TS-0002710,71003519,208487,home,2025-12-07T21:18:00Z,child,1,160,web,completed
TS-0002711,71001445,208487,home,2025-12-01T19:17:00Z,adult,1,420,web,completed
TS-0002712,71002618,208487,home,2025-12-13T11:58:00Z,child,3,160,web,completed
TS-0002713,71001343,208487,home,2025-12-16T21:52:00Z,adult,1,420,app,cancelled
TS-0002714,71003315,208487,home,2025-11-15T08:34:00Z,adult,1,420,app,completed
TS-0002715,71005304,208487,home,2026-02-17T04:02:00Z,adult,3,420,web,completed
TS-0002716,71000952,208487,home,2026-01-20T08:14:00Z,student,4,290,web,completed
TS-0002717,71002295,208487,home,2026-02-17T15:38:00Z,student,2,290,web,completed
TS-0002718,71003077,208487,home,2026-01-06T20:20:00Z,student,1,290,web,completed
TS-0002719,71004658,208487,home,2026-01-25T23:43:00Z,student,2,290,app,completed
TS-0002720,71005253,208487,home,2025-11-16T15:36:00Z,student,4,290,web,completed
TS-0002721,71004692,208487,home,2026-02-15T20:14:00Z,adult,1,420,web,completed
TS-0002722,71003485,208487,home,2026-01-07T01:47:00Z,student,1,290,web,completed
TS-0002723,71005627,208487,home,2026-02-16T01:17:00Z,adult,1,420,web,completed
TS-0002724,71000714,208487,home,2025-11-02T09:02:00Z,child,1,160,web,cancelled
TS-0002725,71003604,208487,home,2026-02-18T15:46:00Z,adult,1,420,app,completed
TS-0002726,71004947,208487,home,2026-02-17T08:43:00Z,youth,1,240,web,completed
TS-0002727,71004199,208487,home,2026-01-02T07:13:00Z,youth,1,240,web,completed
TS-0002728,71003298,208487,home,2025-12-21T19:42:00Z,youth,3,240,box_office,completed
TS-0002729,71005814,208487,home,2025-11-08T05:02:00Z,youth,1,240,app,completed
TS-0002730,71005559,208487,home,2025-12-05T17:26:00Z,adult,2,420,app,completed
TS-0002731,71001190,208487,home,2026-01-11T16:30:00Z,adult,1,420,app,completed
TS-0002732,71004420,208487,home,2025-12-17T08:01:00Z,adult,1,420,web,completed
TS-0002733,71001122,208487,home,2025-11-09T15:47:00Z,child,3,160,app,completed
TS-0002734,71005185,208487,home,2025-12-19T11:58:00Z,youth,1,240,app,completed
TS-0002735,71006613,208487,home,2025-12-08T06:27:00Z,adult,2,420,app,completed
TS-0002736,71001683,208487,home,2026-02-17T19:21:00Z,adult,1,420,web,completed
TS-0002737,71003434,208487,home,2026-02-16T09:22:00Z,adult,1,420,box_office,refunded
TS-0002738,71002210,208487,home,2025-12-29T12:15:00Z,child,3,160,web,completed
TS-0002739,71001292,208487,home,2026-01-16T03:40:00Z,student,1,290,app,completed
TS-0002740,71004862,208487,home,2025-12-07T09:42:00Z,youth,3,240,box_office,completed
TS-0002741,71005457,208487,home,2026-02-17T22:03:00Z,adult,2,420,app,completed
TS-0002742,71001734,208487,home,2025-11-15T15:50:00Z,child,2,160,web,completed
TS-0002743,71007208,208487,home,2026-01-14T20:07:00Z,student,3,290,web,completed
TS-0002744,71006970,208487,home,2025-11-14T14:39:00Z,youth,3,240,box_office,completed
TS-0002745,71006137,208487,home,2026-02-17T05:04:00Z,youth,4,240,web,completed
TS-0002746,71002499,208487,home,2026-02-18T06:02:00Z,adult,2,420,box_office,completed
TS-0002747,71000085,208487,home,2025-12-15T15:18:00Z,student,2,290,web,completed
TS-0002748,71006341,208487,home,2025-11-20T20:35:00Z,youth,1,240,web,completed
TS-0002749,71002108,208487,home,2026-01-13T12:38:00Z,child,2,160,web,completed
TS-0002750,71006273,208487,home,2026-01-30T18:21:00Z,youth,2,240,web,completed
TS-0002751,71005542,208487,home,2025-10-22T08:24:00Z,student,1,290,web,completed
TS-0002752,71004845,208487,home,2026-02-17T23:43:00Z,adult,1,420,web,completed
TS-0002753,71003723,208487,home,2026-01-28T04:03:00Z,youth,2,240,web,cancelled
TS-0002754,71006188,208487,home,2025-11-23T02:49:00Z,youth,2,240,web,completed
TS-0002755,71002584,208487,home,2026-02-15T19:02:00Z,adult,2,420,web,completed
TS-0002756,71004709,208487,home,2025-10-24T12:43:00Z,youth,1,240,web,completed
TS-0002757,71006630,208477,away,2025-10-29T13:12:00Z,adult,2,360,web,completed
TS-0002758,71003077,208477,away,2025-12-27T07:48:00Z,adult,1,360,web,completed
TS-0002759,71001224,208477,away,2025-11-23T18:19:00Z,youth,1,200,app,completed
TS-0002760,71007140,208477,away,2026-01-25T00:14:00Z,adult,2,360,web,completed
TS-0002761,71002414,208477,away,2026-01-07T10:05:00Z,adult,2,360,app,cancelled
TS-0002762,71000612,208477,away,2025-12-27T15:41:00Z,student,3,250,web,completed
TS-0002763,71006069,208477,away,2026-02-23T07:33:00Z,student,1,250,app,completed
TS-0002764,71005236,208477,away,2025-11-25T15:52:00Z,adult,3,360,web,completed
TS-0002765,71004947,208477,away,2026-02-22T04:33:00Z,adult,2,360,web,completed
TS-0002766,71000442,208477,away,2025-12-04T18:27:00Z,student,1,250,box_office,completed
TS-0002767,71002312,208477,away,2025-11-17T05:50:00Z,adult,1,360,app,completed
TS-0002768,71000204,208477,away,2026-02-21T21:24:00Z,adult,1,360,web,completed
TS-0002769,71002074,208477,away,2025-12-17T10:51:00Z,adult,1,360,app,completed
TS-0002770,71002278,208477,away,2026-02-23T06:36:00Z,adult,4,360,web,completed
TS-0002771,71003672,208477,away,2025-12-12T20:34:00Z,student,2,250,web,completed
TS-0002772,71006477,208477,away,2025-12-25T16:53:00Z,adult,2,360,box_office,completed
TS-0002773,71002057,208477,away,2025-12-13T10:54:00Z,adult,3,360,web,completed
TS-0002774,71002091,208477,away,2025-11-16T10:38:00Z,adult,2,360,web,refunded
TS-0002775,71005661,208477,away,2026-02-22T01:41:00Z,child,1,140,app,completed
TS-0002776,71004998,208477,away,2026-02-23T07:20:00Z,student,2,250,web,completed
TS-0002777,71005627,208477,away,2026-01-05T20:41:00Z,adult,3,360,web,completed
TS-0002778,71000901,208477,away,2026-01-05T10:50:00Z,adult,2,360,app,completed
TS-0002779,71001190,208477,away,2025-12-20T08:40:00Z,adult,2,360,web,refunded
TS-0002780,71005083,208477,away,2025-11-03T10:20:00Z,youth,3,200,web,completed
TS-0002781,71002023,208477,away,2026-01-22T00:35:00Z,adult,1,360,app,completed
TS-0002782,71000306,208477,away,2026-01-22T02:32:00Z,adult,1,360,web,completed
TS-0002783,71005491,208477,away,2025-12-30T02:00:00Z,student,1,250,web,completed
TS-0002784,71003145,208477,away,2025-11-18T09:21:00Z,student,1,250,app,completed
TS-0002785,71005865,208477,away,2026-01-18T02:01:00Z,adult,1,360,web,completed
TS-0002786,71006885,208477,away,2025-12-16T04:56:00Z,child,1,140,app,refunded
TS-0002787,71000748,208477,away,2025-11-15T00:07:00Z,student,1,250,web,completed
TS-0002788,71001819,208477,away,2025-11-04T15:01:00Z,adult,1,360,web,cancelled
TS-0002789,71000850,208477,away,2026-02-22T09:38:00Z,adult,2,360,app,completed
TS-0002790,71003553,208477,away,2025-11-07T15:12:00Z,adult,2,360,web,completed
TS-0002791,71004029,208477,away,2026-01-25T14:07:00Z,adult,1,360,app,completed
TS-0002792,71007089,208477,away,2025-11-05T04:53:00Z,youth,1,200,web,completed
TS-0002793,71001139,208477,away,2025-11-27T07:27:00Z,student,1,250,app,completed
TS-0002794,71000357,208477,away,2026-01-31T07:48:00Z,adult,1,360,web,completed
TS-0002795,71005967,208477,away,2025-12-11T02:34:00Z,adult,4,360,box_office,completed
TS-0002796,71002006,208477,away,2026-02-02T01:58:00Z,youth,2,200,app,completed
TS-0002797,71000136,208477,away,2026-01-15T22:06:00Z,adult,1,360,web,completed
TS-0002798,71004182,208477,away,2025-12-21T22:22:00Z,adult,2,360,app,completed
TS-0002799,71000510,208477,away,2026-02-23T00:04:00Z,adult,1,360,web,completed
TS-0002800,71004369,208477,away,2025-10-31T17:16:00Z,adult,2,360,app,completed
TS-0002801,71000272,208477,away,2025-12-02T12:39:00Z,youth,1,200,web,completed
TS-0002802,71005763,208477,away,2025-12-14T09:51:00Z,child,2,140,box_office,completed
TS-0002803,71004267,208477,away,2025-12-26T05:19:00Z,youth,2,200,app,completed
TS-0002804,71000034,208477,away,2026-02-22T05:29:00Z,child,3,140,app,completed
TS-0002805,71004828,208477,away,2025-10-28T16:26:00Z,adult,1,360,web,completed
TS-0002806,71002346,208477,away,2026-01-18T14:33:00Z,adult,3,360,web,completed
TS-0002807,71006443,208477,away,2025-12-12T09:02:00Z,adult,1,360,app,completed
TS-0002808,71004692,208477,away,2026-01-09T16:32:00Z,student,2,250,web,completed
TS-0002809,71003689,208477,away,2026-02-23T21:42:00Z,adult,2,360,app,completed
TS-0002810,71007004,208477,away,2025-12-01T14:48:00Z,student,3,250,box_office,completed
TS-0002811,71006001,208477,away,2026-02-22T01:18:00Z,adult,1,360,app,completed
TS-0002812,71002193,208477,away,2026-02-13T23:42:00Z,adult,1,360,web,completed
TS-0002813,71005729,208477,away,2026-02-22T23:46:00Z,youth,1,200,app,completed
TS-0002814,71000646,208477,away,2026-01-05T01:12:00Z,adult,1,360,app,completed
TS-0002815,71003978,208477,away,2025-12-19T02:43:00Z,child,3,140,web,completed
TS-0002816,71007055,208477,away,2025-12-29T09:14:00Z,adult,1,360,app,completed
TS-0002817,71004777,208477,away,2026-02-22T13:18:00Z,child,2,140,app,completed
TS-0002818,71002788,208477,away,2025-12-11T17:19:00Z,adult,1,360,web,completed
TS-0002819,71001360,208477,away,2026-01-25T13:03:00Z,student,2,250,web,completed
TS-0002820,71004046,208477,away,2025-12-15T11:13:00Z,adult,1,360,web,completed
TS-0002821,71004199,208477,away,2025-11-18T20:34:00Z,student,1,250,app,completed
TS-0002822,71003485,208477,away,2025-12-07T12:08:00Z,adult,1,360,app,completed
TS-0002823,71002295,208477,away,2026-02-20T05:00:00Z,child,3,140,box_office,completed
TS-0002824,71003519,208477,away,2025-11-18T03:00:00Z,youth,3,200,web,refunded
TS-0002825,71005117,208477,away,2026-01-31T11:01:00Z,youth,3,200,web,completed
TS-0002826,71003995,208477,away,2025-10-28T10:12:00Z,adult,1,360,web,completed
TS-0002827,71001037,208477,away,2026-01-24T23:48:00Z,student,1,250,web,completed
TS-0002828,71001598,208477,away,2025-11-01T09:36:00Z,adult,1,360,web,completed
TS-0002829,71006953,208477,away,2026-01-18T12:30:00Z,youth,2,200,web,completed
TS-0002830,71006545,208477,away,2025-11-07T03:36:00Z,adult,2,360,box_office,completed
TS-0002831,71006222,208477,away,2026-01-06T09:32:00Z,adult,1,360,web,completed
TS-0002832,71003213,208477,away,2025-11-04T06:40:00Z,youth,2,200,web,completed
TS-0002833,71006613,208477,away,2026-02-23T23:18:00Z,youth,2,200,web,completed
TS-0002834,71003196,208477,away,2025-12-01T10:13:00Z,adult,1,360,app,completed
TS-0002835,71006409,208477,away,2025-12-23T18:31:00Z,youth,1,200,app,completed
TS-0002836,71006426,208477,away,2026-02-03T07:20:00Z,adult,2,360,app,completed
TS-0002837,71002635,208477,away,2026-02-22T22:10:00Z,adult,1,360,app,completed
TS-0002838,71006698,208477,away,2025-12-01T15:33:00Z,adult,2,360,app,completed
TS-0002839,71001870,208477,away,2026-02-24T11:55:00Z,adult,1,360,app,completed
TS-0002840,71003400,208477,away,2025-11-26T07:57:00Z,child,1,140,app,completed
TS-0002841,71000068,208477,away,2025-11-20T11:21:00Z,child,1,140,app,completed
TS-0002842,71002703,208477,away,2026-02-04T23:38:00Z,adult,3,360,app,completed
TS-0002843,71006018,208477,away,2025-11-11T18:46:00Z,child,2,140,web,completed
TS-0002844,71001751,208477,away,2025-12-23T05:31:00Z,youth,1,200,web,completed
TS-0002845,71004420,208477,away,2026-02-14T05:38:00Z,student,3,250,box_office,completed
TS-0002846,71000629,208477,away,2026-01-25T21:04:00Z,adult,2,360,app,completed
TS-0002847,71002465,208477,away,2026-02-23T13:43:00Z,child,2,140,app,completed
TS-0002848,71006086,208477,away,2026-02-18T00:45:00Z,adult,1,360,box_office,completed
TS-0002849,71003723,208477,away,2026-02-22T13:15:00Z,adult,1,360,web,completed
TS-0002850,71003332,208477,away,2025-12-11T02:33:00Z,student,1,250,app,completed
TS-0002851,71000289,208477,away,2026-02-23T07:05:00Z,adult,3,360,app,completed
TS-0002852,71000816,208477,away,2026-02-22T13:38:00Z,youth,1,200,web,completed
TS-0002853,71002941,208477,away,2025-11-11T04:51:00Z,adult,2,360,web,completed
TS-0002854,71000170,208477,away,2025-11-08T08:26:00Z,adult,3,360,app,completed
TS-0002855,71005440,208477,away,2025-11-25T16:51:00Z,adult,1,360,web,completed
TS-0002856,71007038,208477,away,2026-02-21T23:52:00Z,adult,3,360,web,completed
TS-0002857,71000340,208477,away,2025-12-31T11:56:00Z,adult,1,360,app,completed
TS-0002858,71005525,208477,away,2026-02-22T11:55:00Z,youth,1,200,web,completed
TS-0002859,71004437,208477,away,2026-02-24T02:04:00Z,adult,1,360,web,completed
TS-0002860,71003247,208477,away,2026-02-11T07:34:00Z,child,2,140,box_office,completed
TS-0002861,71003604,208477,away,2025-11-10T03:35:00Z,child,2,140,app,completed
TS-0002862,71006341,208477,away,2026-02-22T11:02:00Z,student,1,250,web,completed
TS-0002863,71005576,208477,away,2026-01-15T16:05:00Z,adult,3,360,app,completed
TS-0002864,71005389,208477,away,2025-12-08T21:10:00Z,adult,2,360,app,completed
TS-0002865,71000561,208477,away,2025-10-29T09:32:00Z,adult,2,360,app,completed
TS-0002866,71001564,208477,away,2025-12-09T22:40:00Z,student,1,250,web,completed
TS-0002867,71001411,208477,away,2025-12-17T15:08:00Z,adult,1,360,web,cancelled
TS-0002868,71001921,208477,away,2026-01-09T21:09:00Z,adult,3,360,web,completed
TS-0002869,71005525,210390,home,2026-03-10T04:26:00Z,youth,2,240,web,completed
TS-0002870,71001496,210390,home,2026-03-11T07:33:00Z,adult,3,420,app,completed
TS-0002871,71005049,210390,home,2025-11-17T13:13:00Z,adult,1,420,web,completed
TS-0002872,71003757,210390,home,2026-01-07T03:21:00Z,adult,1,420,web,completed
TS-0002873,71006800,210390,home,2025-11-17T18:33:00Z,child,2,160,web,completed
TS-0002874,71001309,210390,home,2026-01-05T04:43:00Z,adult,1,420,web,completed
TS-0002875,71006579,210390,home,2026-03-09T07:11:00Z,adult,4,420,web,completed
TS-0002876,71000255,210390,home,2026-03-06T17:14:00Z,adult,1,420,app,completed
TS-0002877,71001411,210390,home,2026-01-26T14:39:00Z,youth,3,240,app,completed
TS-0002878,71000289,210390,home,2026-03-06T13:26:00Z,student,3,290,web,cancelled
TS-0002879,71000765,210390,home,2026-03-08T23:53:00Z,adult,4,420,web,completed
TS-0002880,71001360,210390,home,2026-01-24T06:11:00Z,adult,1,420,app,completed
TS-0002881,71001819,210390,home,2026-03-10T06:51:00Z,adult,1,420,app,completed
TS-0002882,71003621,210390,home,2026-02-05T07:37:00Z,youth,1,240,web,completed
TS-0002883,71006256,210390,home,2026-03-11T01:57:00Z,adult,4,420,app,completed
TS-0002884,71000272,210390,home,2026-03-10T20:51:00Z,adult,1,420,web,completed
TS-0002885,71001054,210390,home,2026-03-08T19:53:00Z,youth,4,240,app,completed
TS-0002886,71003774,210390,home,2026-03-08T19:06:00Z,adult,1,420,box_office,completed
TS-0002887,71005831,210390,home,2026-02-03T01:36:00Z,adult,3,420,app,completed
TS-0002888,71001921,210390,home,2025-12-09T04:38:00Z,youth,2,240,web,completed
TS-0002889,71006970,210390,home,2026-01-26T19:27:00Z,youth,1,240,web,completed
TS-0002890,71000697,210390,home,2026-02-10T04:00:00Z,student,1,290,web,completed
TS-0002891,71005168,210390,home,2026-01-13T01:22:00Z,adult,1,420,web,completed
TS-0002892,71000068,210390,home,2026-03-10T06:46:00Z,student,1,290,app,completed
TS-0002893,71002057,210390,home,2025-11-15T04:08:00Z,child,2,160,web,refunded
TS-0002894,71001649,210390,home,2025-12-18T15:53:00Z,adult,1,420,app,completed
TS-0002895,71000119,210390,home,2025-11-17T17:42:00Z,adult,1,420,box_office,completed
TS-0002896,71006409,210390,home,2026-01-23T05:57:00Z,youth,4,240,app,completed
TS-0002897,71006783,210390,home,2026-03-08T21:11:00Z,adult,1,420,web,completed
TS-0002898,71002448,210390,home,2025-11-16T20:38:00Z,youth,1,240,web,completed
TS-0002899,71001088,210390,home,2026-03-09T17:32:00Z,youth,2,240,web,completed
TS-0002900,71001241,210390,home,2025-12-28T13:07:00Z,adult,1,420,web,completed
TS-0002901,71002975,210390,home,2025-12-20T05:52:00Z,youth,1,240,app,refunded
TS-0002902,71000391,210390,home,2025-11-27T11:02:00Z,adult,2,420,web,completed
TS-0002903,71004964,210390,home,2026-03-10T01:58:00Z,student,2,290,app,completed
TS-0002904,71002074,210390,home,2025-12-03T19:58:00Z,student,2,290,app,completed
TS-0002905,71006596,210390,home,2026-02-16T12:12:00Z,adult,1,420,web,completed
TS-0002906,71006205,210390,home,2026-01-27T05:48:00Z,adult,1,420,web,refunded
TS-0002907,71002584,210390,home,2025-12-31T02:11:00Z,student,1,290,web,completed
TS-0002908,71001462,210390,home,2025-12-31T17:00:00Z,adult,2,420,web,completed
TS-0002909,71000612,210390,home,2025-11-12T20:52:00Z,student,4,290,web,completed
TS-0002910,71004522,210390,home,2026-02-06T06:43:00Z,adult,2,420,app,completed
TS-0002911,71007038,210390,home,2025-12-03T13:36:00Z,adult,2,420,app,completed
TS-0002912,71004063,210390,home,2026-03-09T15:15:00Z,adult,1,420,app,completed
TS-0002913,71007208,210390,home,2025-12-22T17:57:00Z,adult,1,420,web,completed
TS-0002914,71003230,210390,home,2026-01-22T21:59:00Z,student,2,290,app,completed
TS-0002915,71005321,210390,home,2026-02-17T04:44:00Z,adult,2,420,box_office,completed
TS-0002916,71003009,210390,home,2026-02-15T11:32:00Z,youth,2,240,box_office,completed
TS-0002917,71000034,210390,home,2025-12-06T11:24:00Z,youth,1,240,app,completed
TS-0002918,71001717,210390,home,2026-02-04T21:00:00Z,adult,4,420,web,completed
TS-0002919,71003910,210390,home,2026-03-10T05:08:00Z,adult,1,420,web,completed
TS-0002920,71004114,210390,home,2025-12-31T21:02:00Z,adult,2,420,app,refunded
TS-0002921,71006987,210390,home,2026-03-08T21:03:00Z,adult,2,420,web,completed
TS-0002922,71005797,210390,home,2026-03-11T06:22:00Z,adult,1,420,app,completed
TS-0002923,71006154,210390,home,2026-03-11T07:24:00Z,adult,1,420,app,completed
TS-0002924,71003995,210390,home,2026-03-10T06:34:00Z,youth,1,240,app,completed
TS-0002925,71004879,210390,home,2026-01-27T23:35:00Z,adult,3,420,web,completed
TS-0002926,71006613,210390,home,2026-02-28T18:37:00Z,adult,1,420,app,completed
TS-0002927,71002244,210390,home,2026-02-15T22:35:00Z,child,2,160,box_office,completed
TS-0002928,71004369,210390,home,2025-12-16T07:36:00Z,child,1,160,web,completed
TS-0002929,71002431,210390,home,2026-03-10T14:41:00Z,youth,4,240,app,refunded
TS-0002930,71001139,210390,home,2026-01-25T01:49:00Z,student,2,290,web,completed
TS-0002931,71003842,210390,home,2025-11-26T03:54:00Z,child,2,160,app,completed
TS-0002932,71005763,210390,home,2026-01-07T15:41:00Z,adult,1,420,app,completed
TS-0002933,71004182,210390,home,2026-03-08T20:39:00Z,child,2,160,web,completed
TS-0002934,71004539,210390,home,2026-03-10T20:39:00Z,student,1,290,web,completed
TS-0002935,71006171,210390,home,2026-01-02T09:18:00Z,adult,1,420,web,completed
TS-0002936,71005219,210390,home,2026-02-28T12:45:00Z,adult,2,420,app,completed
TS-0002937,71004284,210390,home,2026-01-02T06:14:00Z,youth,3,240,box_office,completed
TS-0002938,71003553,210390,home,2026-01-04T01:04:00Z,adult,2,420,app,completed
TS-0002939,71003723,210390,home,2026-03-09T08:30:00Z,adult,4,420,web,completed
TS-0002940,71002550,210390,home,2026-03-08T23:57:00Z,adult,1,420,app,completed
TS-0002941,71000969,210390,home,2026-01-20T06:35:00Z,adult,1,420,app,completed
TS-0002942,71001989,210390,home,2025-12-03T12:44:00Z,adult,2,420,app,completed
TS-0002943,71001258,210390,home,2026-03-09T22:33:00Z,youth,2,240,web,completed
TS-0002944,71003961,210390,home,2026-02-18T11:43:00Z,child,1,160,app,completed
TS-0002945,71003315,210390,home,2026-03-11T11:06:00Z,adult,1,420,web,completed
TS-0002946,71004488,210390,home,2026-03-09T01:32:00Z,youth,1,240,web,completed
TS-0002947,71000901,210390,home,2026-02-05T16:59:00Z,adult,1,420,web,completed
TS-0002948,71003179,210390,home,2026-03-10T05:09:00Z,youth,1,240,web,completed
TS-0002949,71003893,210390,home,2026-02-13T07:00:00Z,student,1,290,web,completed
TS-0002950,71001734,210390,home,2026-03-09T22:08:00Z,adult,2,420,web,completed
TS-0002951,71003570,210390,home,2025-12-12T06:43:00Z,adult,3,420,web,completed
TS-0002952,71006239,210390,home,2026-03-10T11:23:00Z,adult,4,420,web,completed
TS-0002953,71003859,210390,home,2025-12-05T13:44:00Z,youth,3,240,web,completed
TS-0002954,71000986,210390,home,2026-02-12T12:50:00Z,adult,1,420,app,completed
TS-0002955,71002193,210390,home,2026-02-24T01:57:00Z,youth,2,240,web,cancelled
TS-0002956,71003400,210390,home,2025-12-19T01:48:00Z,adult,2,420,web,completed
TS-0002957,71002295,210390,home,2026-03-09T12:52:00Z,youth,4,240,app,completed
TS-0002958,71005202,210390,home,2026-01-05T03:26:00Z,child,3,160,app,completed
TS-0002959,71002839,210390,home,2026-02-20T23:48:00Z,youth,4,240,web,completed
TS-0002960,71004607,210390,home,2026-01-15T08:51:00Z,student,2,290,app,completed
TS-0002961,71000357,210390,home,2026-01-25T15:53:00Z,adult,1,420,web,completed
TS-0002962,71006902,210390,home,2026-02-06T23:22:00Z,adult,1,420,app,completed
TS-0002963,71005287,210390,home,2025-12-02T03:20:00Z,student,2,290,web,completed
TS-0002964,71000323,210390,home,2025-11-29T01:24:00Z,student,2,290,app,completed
TS-0002965,71002771,210390,home,2026-02-15T17:42:00Z,youth,2,240,app,completed
TS-0002966,71004131,210390,home,2026-03-09T04:15:00Z,student,1,290,web,completed
TS-0002967,71001428,210390,home,2025-12-03T18:04:00Z,student,2,290,app,completed
TS-0002968,71004335,210390,home,2025-12-16T12:19:00Z,child,2,160,app,completed
TS-0002969,71002533,210390,home,2025-12-16T11:33:00Z,student,1,290,web,completed
TS-0002970,71002278,210390,home,2025-11-30T16:36:00Z,child,1,160,app,cancelled
TS-0002971,71003043,210390,home,2026-01-26T21:13:00Z,adult,1,420,app,completed
TS-0002972,71005440,210390,home,2026-03-09T23:32:00Z,student,2,290,box_office,completed
TS-0002973,71000680,210390,home,2025-11-22T09:20:00Z,adult,1,420,web,completed
TS-0002974,71004318,210390,home,2025-11-17T09:35:00Z,student,2,290,app,completed
TS-0002975,71006664,210390,home,2026-03-09T21:58:00Z,adult,1,420,web,completed
TS-0002976,71005015,210390,home,2026-03-09T14:34:00Z,adult,2,420,web,completed
TS-0002977,71006681,210390,home,2026-03-10T00:34:00Z,adult,2,420,web,completed
TS-0002978,71000340,210390,home,2026-01-12T07:27:00Z,adult,1,420,web,completed
TS-0002979,71004267,210390,home,2025-12-29T01:49:00Z,youth,3,240,web,refunded
TS-0002980,71001802,210390,home,2026-03-10T03:02:00Z,adult,1,420,app,completed
TS-0002981,71006341,210390,home,2026-03-11T14:31:00Z,adult,3,420,box_office,completed
TS-0002982,71004386,210390,home,2026-03-08T06:14:00Z,adult,1,420,web,completed
TS-0002983,71000952,210390,home,2025-11-27T22:34:00Z,adult,1,420,web,completed
TS-0002984,71004709,210390,home,2026-03-09T04:50:00Z,adult,3,420,web,completed
TS-0002985,71007072,210390,home,2026-02-25T02:22:00Z,adult,1,420,web,completed
TS-0002986,71005559,210390,home,2025-12-29T09:13:00Z,adult,4,420,web,completed
TS-0002987,71000017,210390,home,2025-11-28T18:35:00Z,child,2,160,web,completed
TS-0002988,71003145,210390,home,2026-01-15T14:42:00Z,adult,1,420,web,completed
TS-0002989,71004828,210390,home,2026-03-11T08:20:00Z,adult,4,420,box_office,completed
TS-0002990,71002482,210390,home,2026-03-09T02:13:00Z,adult,1,420,web,completed
TS-0002991,71003060,210390,home,2026-02-26T00:00:00Z,adult,1,420,web,completed
TS-0002992,71006919,210390,home,2026-03-09T17:21:00Z,adult,2,420,app,completed
TS-0002993,71000731,210390,home,2026-01-22T10:03:00Z,adult,2,420,web,completed
TS-0002994,71003026,210390,home,2025-12-28T13:00:00Z,adult,3,420,web,completed
TS-0002995,71003672,210390,home,2025-11-14T20:57:00Z,child,2,160,web,completed
TS-0002996,71004811,210390,home,2026-02-24T08:53:00Z,student,2,290,app,completed
TS-0002997,71001275,210390,home,2025-11-16T05:32:00Z,youth,1,240,web,completed
TS-0002998,71007021,210390,home,2026-02-11T02:43:00Z,adult,1,420,app,completed
TS-0002999,71002805,210390,home,2026-03-10T19:06:00Z,adult,2,420,web,completed
TS-0003000,71002890,210390,home,2026-03-10T11:44:00Z,youth,2,240,web,completed
TS-0003001,71005117,210390,home,2026-01-05T06:26:00Z,student,1,290,app,completed
TS-0003002,71005882,210390,home,2026-01-23T04:56:00Z,youth,1,240,web,completed
TS-0003003,71000170,210390,home,2026-01-08T01:11:00Z,adult,1,420,app,cancelled
TS-0003004,71007106,210390,home,2026-03-08T23:45:00Z,adult,1,420,web,completed
TS-0003005,71004726,210390,home,2026-02-01T06:08:00Z,adult,1,420,web,completed
TS-0003006,71002958,210390,home,2026-02-24T09:11:00Z,adult,2,420,web,completed
TS-0003007,71003944,210390,home,2025-12-04T08:11:00Z,student,2,290,app,completed
TS-0003008,71005151,210390,home,2026-01-20T18:36:00Z,adult,1,420,app,completed
TS-0003009,71003791,210390,home,2025-12-20T00:30:00Z,adult,1,420,app,completed
TS-0003010,71005610,210390,home,2026-02-22T22:31:00Z,child,1,160,box_office,completed
TS-0003011,71001836,210390,home,2026-01-02T15:44:00Z,adult,1,420,app,cancelled
TS-0003012,71005661,210390,home,2026-02-16T13:39:00Z,student,2,290,web,completed
TS-0003013,71002907,210390,home,2026-01-05T17:43:00Z,student,1,290,box_office,completed
TS-0003014,71003876,210390,home,2025-12-04T04:26:00Z,child,1,160,web,completed
TS-0003015,71001768,210390,home,2026-03-09T04:56:00Z,adult,2,420,web,completed
TS-0003016,71006188,210390,home,2026-01-28T10:05:00Z,youth,1,240,web,completed
TS-0003017,71004352,210390,home,2026-01-30T07:28:00Z,student,2,290,app,completed
TS-0003018,71005491,210390,home,2025-12-12T15:43:00Z,adult,3,420,app,completed
TS-0003019,71006307,210390,home,2025-12-25T11:09:00Z,student,2,290,app,completed
TS-0003020,71007191,210390,home,2025-12-19T00:04:00Z,adult,2,420,web,completed
TS-0003021,71002414,210390,home,2026-01-16T02:54:00Z,child,1,160,web,completed
TS-0003022,71004845,210390,home,2026-01-26T01:53:00Z,adult,1,420,web,completed
TS-0003023,71003094,210390,home,2025-12-03T04:48:00Z,adult,4,420,web,completed
TS-0003024,71001003,210390,home,2026-03-11T08:41:00Z,adult,1,420,web,completed
TS-0003025,71000476,210390,home,2026-03-10T21:26:00Z,adult,2,420,app,completed
TS-0003026,71001683,210390,home,2025-12-14T09:02:00Z,adult,1,420,web,completed
TS-0003027,71001904,210390,home,2026-03-10T00:34:00Z,youth,1,240,web,completed
TS-0003028,71001037,210390,home,2025-12-11T01:59:00Z,adult,1,420,web,completed
TS-0003029,71006545,210390,home,2026-03-10T11:09:00Z,adult,2,420,app,completed
TS-0003030,71004437,210390,home,2026-01-24T19:38:00Z,student,1,290,app,completed
TS-0003031,71002176,210390,home,2026-03-01T01:11:00Z,student,1,290,web,cancelled
TS-0003032,71005916,210390,home,2026-02-25T20:16:00Z,adult,2,420,web,completed
TS-0003033,71005389,210390,home,2026-01-24T15:08:00Z,adult,2,420,app,completed
TS-0003034,71004947,210390,home,2025-12-21T18:50:00Z,youth,2,240,web,completed
TS-0003035,71007004,210390,home,2025-11-24T23:03:00Z,adult,1,420,web,completed
TS-0003036,71000578,210390,home,2025-12-05T19:44:00Z,adult,4,420,box_office,completed
TS-0003037,71003349,210390,home,2025-12-28T08:12:00Z,adult,4,420,web,completed
TS-0003038,71003978,210390,home,2025-11-15T05:09:00Z,adult,2,420,app,completed
TS-0003039,71004454,210390,home,2026-02-07T09:21:00Z,student,1,290,web,completed
TS-0003040,71001853,210390,home,2026-01-11T09:56:00Z,child,1,160,app,completed
TS-0003041,71003519,210390,home,2026-03-10T12:20:00Z,adult,1,420,app,completed
TS-0003042,71005627,210390,home,2026-03-09T10:49:00Z,adult,1,420,web,completed
TS-0003043,71003502,210390,home,2026-01-16T07:19:00Z,adult,1,420,app,completed
TS-0003044,71002737,210390,home,2025-12-12T16:04:00Z,adult,4,420,app,completed
TS-0003045,71006001,210390,home,2026-01-29T08:34:00Z,student,3,290,web,completed
TS-0003046,71002601,210390,home,2025-12-14T00:13:00Z,student,1,290,web,completed
TS-0003047,71000850,210390,home,2026-03-09T00:32:00Z,student,1,290,app,completed
TS-0003048,71004913,210390,home,2025-12-19T04:33:00Z,adult,1,420,box_office,completed
TS-0003049,71001547,210390,home,2025-11-30T20:56:00Z,adult,3,420,app,completed
TS-0003050,71002227,210390,home,2026-01-22T03:15:00Z,adult,2,420,web,completed
TS-0003051,71000221,210390,home,2025-11-15T15:47:00Z,youth,1,240,app,cancelled
TS-0003052,71004080,210390,home,2026-03-10T11:40:00Z,adult,1,420,web,completed
TS-0003053,71005950,210390,home,2025-11-13T18:38:00Z,adult,3,420,web,completed
TS-0003054,71002261,210390,home,2026-01-17T22:35:00Z,youth,1,240,app,completed
TS-0003055,71007140,210390,home,2025-11-28T21:21:00Z,adult,2,420,web,completed
TS-0003056,71005083,210390,home,2026-01-29T15:34:00Z,child,2,160,app,completed
TS-0003057,71000918,210390,home,2026-03-06T19:42:00Z,adult,2,420,web,completed
TS-0003058,71007174,210390,home,2025-12-01T04:25:00Z,adult,2,420,web,completed
TS-0003059,71004675,210390,home,2026-02-26T15:44:00Z,adult,1,420,web,completed
TS-0003060,71004777,210390,home,2026-02-18T09:36:00Z,adult,2,420,web,completed
TS-0003061,71005593,210390,home,2025-12-30T12:28:00Z,adult,1,420,box_office,completed
TS-0003062,71003536,210390,home,2026-01-07T07:26:00Z,adult,1,420,web,completed
TS-0003063,71004233,210390,home,2025-12-15T05:26:00Z,student,1,290,web,completed
TS-0003064,71001785,210390,home,2026-03-11T13:10:00Z,adult,4,420,app,cancelled
TS-0003065,71005457,210390,home,2026-03-09T23:36:00Z,adult,2,420,web,completed
TS-0003066,71001224,210390,home,2026-03-08T22:43:00Z,student,1,290,app,completed
TS-0003067,71002091,210390,home,2026-02-19T18:38:00Z,adult,1,420,app,completed
TS-0003068,71007123,210390,home,2026-03-09T04:23:00Z,youth,2,240,web,completed
TS-0003069,71001207,210390,home,2025-11-29T05:59:00Z,adult,3,420,box_office,completed
TS-0003070,71002465,210390,home,2025-12-17T07:02:00Z,adult,1,420,app,completed
TS-0003071,71004896,210390,home,2026-03-10T02:15:00Z,adult,2,420,web,completed
TS-0003072,71006375,210390,home,2026-01-13T03:25:00Z,youth,1,240,web,completed
TS-0003073,71005185,210390,home,2025-11-13T03:14:00Z,youth,2,240,web,completed
TS-0003074,71000306,210390,home,2026-01-10T18:52:00Z,youth,3,240,web,completed
TS-0003075,71005576,210390,home,2026-03-10T00:51:00Z,child,2,160,web,cancelled
TS-0003076,71006528,210390,home,2026-02-25T17:44:00Z,student,2,290,app,completed
TS-0003077,71003417,210390,home,2026-03-09T06:11:00Z,student,1,290,web,refunded
TS-0003078,71001598,210390,home,2026-03-11T13:27:00Z,adult,3,420,app,completed
TS-0003079,71002992,210390,home,2026-03-08T23:42:00Z,child,1,160,web,completed
TS-0003080,71004199,210390,home,2026-02-13T18:00:00Z,adult,1,420,web,completed
TS-0003081,71000051,210390,home,2025-11-20T09:42:00Z,adult,4,420,box_office,cancelled
TS-0003082,71004998,210390,home,2026-03-09T10:59:00Z,adult,1,420,web,completed
TS-0003083,71005729,210390,home,2025-12-29T13:28:00Z,adult,1,420,web,completed
TS-0003084,71001343,210390,home,2026-01-10T21:12:00Z,youth,1,240,web,completed
TS-0003085,71002499,210390,home,2026-01-28T23:29:00Z,youth,1,240,app,completed
TS-0003086,71004641,210390,home,2026-03-09T19:42:00Z,youth,1,240,web,completed
TS-0003087,71005695,210390,home,2026-03-09T16:26:00Z,adult,3,420,web,completed
TS-0003088,71003434,210390,home,2026-02-24T19:52:00Z,adult,2,420,web,completed
TS-0003089,71006443,210390,home,2026-02-09T07:33:00Z,adult,2,420,web,completed
TS-0003090,71004471,210390,home,2025-12-19T07:03:00Z,youth,1,240,web,completed
TS-0003091,71000799,210390,home,2026-02-05T18:36:00Z,adult,2,420,web,completed
TS-0003092,71001666,210390,home,2026-03-11T00:01:00Z,adult,2,420,app,completed
TS-0003093,71001122,210390,home,2026-03-09T23:05:00Z,student,1,290,app,completed
TS-0003094,71003689,210390,home,2026-02-01T08:59:00Z,youth,1,240,web,completed
TS-0003095,71003264,210390,home,2026-02-06T08:50:00Z,adult,1,420,web,completed
TS-0003096,71005644,210390,home,2026-01-01T23:16:00Z,student,1,290,web,completed
TS-0003097,71000459,210390,home,2026-01-08T01:43:00Z,adult,1,420,web,completed
TS-0003098,71005372,210390,home,2026-03-09T23:57:00Z,student,1,290,web,completed
TS-0003099,71006851,210390,home,2026-03-10T23:58:00Z,child,1,160,web,cancelled
TS-0003100,71001955,210390,home,2025-11-23T18:16:00Z,student,1,290,app,completed
TS-0003101,71002703,210390,home,2026-01-08T15:40:00Z,adult,1,420,web,completed
TS-0003102,71002040,210390,home,2026-03-11T07:15:00Z,adult,1,420,app,completed
TS-0003103,71001513,210390,home,2026-03-10T21:32:00Z,adult,2,420,web,completed
TS-0003104,71004148,210390,home,2026-01-28T02:36:00Z,student,2,290,app,completed
TS-0003105,71005100,210390,home,2025-12-06T07:06:00Z,adult,2,420,web,completed
TS-0003106,71000493,210390,home,2026-03-10T08:19:00Z,youth,1,240,web,completed
TS-0003107,71006222,210390,home,2026-02-05T13:12:00Z,student,4,290,web,completed
TS-0003108,71002329,210390,home,2026-02-26T02:47:00Z,child,3,160,web,completed
TS-0003109,71005304,210390,home,2025-12-16T08:01:00Z,adult,1,420,app,completed
TS-0003110,71002788,210390,home,2026-02-22T09:12:00Z,youth,1,240,web,completed
TS-0003111,71001887,210390,home,2026-03-09T01:43:00Z,student,3,290,web,completed
TS-0003112,71005423,210390,home,2026-02-26T15:24:00Z,adult,2,420,app,completed
TS-0003113,71001530,210390,home,2025-12-22T03:01:00Z,adult,2,420,app,completed
TS-0003114,71001870,210390,home,2026-03-09T14:15:00Z,adult,1,420,web,completed
TS-0003115,71004862,210390,home,2026-01-13T07:03:00Z,adult,3,420,app,completed
TS-0003116,71005848,210390,home,2026-01-30T15:18:00Z,adult,1,420,web,completed
TS-0003117,71000510,210390,home,2026-03-10T11:09:00Z,student,3,290,web,completed
TS-0003118,71007089,210390,home,2026-01-23T09:16:00Z,child,2,160,app,completed
TS-0003119,71002210,210390,home,2026-03-09T11:29:00Z,student,2,290,app,completed
TS-0003120,71006868,210390,home,2025-11-12T02:34:00Z,student,2,290,app,completed
TS-0003121,71006834,210390,home,2026-02-14T22:45:00Z,student,2,290,web,completed
TS-0003122,71001700,210390,home,2025-11-15T20:02:00Z,adult,1,420,box_office,refunded
TS-0003123,71004029,210390,home,2025-11-30T17:58:00Z,adult,1,420,app,completed
TS-0003124,71003162,210390,home,2026-02-23T05:55:00Z,child,1,160,web,completed
TS-0003125,71002754,210390,home,2026-01-21T09:40:00Z,youth,1,240,app,completed
TS-0003126,71000527,210390,home,2026-02-18T00:36:00Z,student,1,290,web,completed
TS-0003127,71001394,210390,home,2025-11-30T05:22:00Z,adult,1,420,web,completed
TS-0003128,71003604,210390,home,2026-01-12T20:42:00Z,adult,2,420,app,completed
TS-0003129,71004216,210390,home,2025-11-14T01:55:00Z,adult,1,420,app,completed
TS-0003130,71004692,210390,home,2026-03-09T19:59:00Z,adult,3,420,app,completed
TS-0003131,71001190,210390,home,2026-01-05T01:34:00Z,youth,4,240,app,completed
TS-0003132,71001938,210390,home,2026-02-06T09:32:00Z,adult,1,420,app,completed
TS-0003133,71006103,210390,home,2025-12-19T19:21:00Z,adult,1,420,web,completed
TS-0003134,71003383,210390,home,2026-02-21T06:32:00Z,adult,1,420,web,completed
TS-0003135,71003740,210390,home,2025-12-28T09:53:00Z,adult,1,420,app,completed
TS-0003136,71005865,210390,home,2025-12-14T08:04:00Z,adult,2,420,app,completed
TS-0003137,71006052,210390,home,2026-02-04T08:04:00Z,student,1,290,web,completed
TS-0003138,71000782,210390,home,2025-12-31T17:46:00Z,adult,2,420,box_office,completed
TS-0003139,71004403,210390,home,2026-03-05T16:15:00Z,adult,2,420,web,completed
TS-0003140,71006698,210390,home,2025-11-22T01:00:00Z,adult,2,420,web,completed
TS-0003141,71002635,210390,home,2026-02-19T00:17:00Z,student,1,290,web,completed
TS-0003142,71004012,210390,home,2026-03-09T07:44:00Z,child,1,160,box_office,completed
TS-0003143,71003281,210390,home,2025-11-26T01:20:00Z,adult,2,420,web,completed
TS-0003144,71002822,210390,home,2026-01-18T23:05:00Z,student,1,290,web,completed
TS-0003145,71002006,210390,home,2026-03-10T19:27:00Z,adult,1,420,web,completed
TS-0003146,71004590,210390,home,2025-12-24T09:07:00Z,adult,4,420,box_office,completed
TS-0003147,71006273,210390,home,2026-02-15T08:05:00Z,adult,1,420,web,completed
TS-0003148,71000136,210390,home,2026-01-02T04:12:00Z,adult,1,420,web,completed
TS-0003149,71005355,210390,home,2025-12-15T23:08:00Z,adult,1,420,web,completed
TS-0003150,71000425,210390,home,2025-11-13T00:54:00Z,adult,2,420,app,refunded
TS-0003151,71006120,210390,home,2026-01-23T06:32:00Z,child,2,160,web,completed
TS-0003152,71005984,210390,home,2025-12-21T21:32:00Z,adult,2,420,app,completed
TS-0003153,71006018,210390,home,2026-02-25T02:32:00Z,adult,1,420,web,refunded
TS-0003154,71000663,210390,home,2025-12-29T23:04:00Z,student,4,290,app,completed
TS-0003155,71005338,210390,home,2025-12-13T13:25:00Z,youth,1,240,web,completed
TS-0003156,71002159,210390,home,2025-12-29T13:15:00Z,adult,2,420,web,completed
TS-0003157,71000187,210390,home,2026-03-10T10:54:00Z,student,3,290,app,completed
TS-0003158,71006137,210390,home,2026-03-04T23:24:00Z,adult,1,420,web,completed
TS-0003159,71005967,210390,home,2026-02-13T16:19:00Z,student,3,290,web,completed
TS-0003160,71006783,210382,away,2026-03-14T20:39:00Z,adult,1,360,box_office,completed
TS-0003161,71006001,210382,away,2025-12-21T19:53:00Z,youth,2,200,box_office,completed
TS-0003162,71003944,210382,away,2026-01-07T09:48:00Z,adult,1,360,box_office,completed
TS-0003163,71006069,210382,away,2025-11-30T08:23:00Z,youth,1,200,web,completed
TS-0003164,71006528,210382,away,2026-01-21T16:04:00Z,youth,2,200,web,cancelled
TS-0003165,71006171,210382,away,2025-12-22T16:38:00Z,adult,1,360,web,completed
TS-0003166,71006562,210382,away,2026-03-15T08:16:00Z,student,3,250,web,completed
TS-0003167,71000034,210382,away,2026-02-05T17:11:00Z,youth,1,200,web,completed
TS-0003168,71007123,210382,away,2026-02-15T12:49:00Z,adult,2,360,web,completed
TS-0003169,71001173,210382,away,2026-01-26T13:29:00Z,youth,2,200,app,completed
TS-0003170,71001836,210382,away,2025-12-15T14:03:00Z,adult,1,360,box_office,completed
TS-0003171,71006851,210382,away,2025-12-28T08:51:00Z,youth,2,200,web,refunded
TS-0003172,71004743,210382,away,2025-12-08T14:30:00Z,adult,3,360,app,completed
TS-0003173,71000850,210382,away,2026-02-15T03:24:00Z,youth,4,200,app,completed
TS-0003174,71002975,210382,away,2026-03-13T15:36:00Z,adult,1,360,web,completed
TS-0003175,71002737,210382,away,2025-12-20T02:24:00Z,adult,2,360,box_office,completed
TS-0003176,71007191,210382,away,2026-03-14T20:26:00Z,youth,2,200,web,completed
TS-0003177,71005780,210382,away,2026-03-15T17:07:00Z,adult,1,360,app,completed
TS-0003178,71006307,210382,away,2026-01-12T07:39:00Z,student,1,250,web,completed
TS-0003179,71006613,210382,away,2026-01-02T02:48:00Z,youth,2,200,app,completed
TS-0003180,71004658,210382,away,2026-03-05T19:43:00Z,child,3,140,app,completed
TS-0003181,71000561,210382,away,2026-03-14T23:51:00Z,adult,3,360,app,completed
TS-0003182,71000493,210382,away,2026-03-16T02:06:00Z,adult,1,360,web,completed
TS-0003183,71005304,210382,away,2026-02-13T20:50:00Z,child,1,140,box_office,refunded
TS-0003184,71004403,210382,away,2026-03-15T08:01:00Z,adult,1,360,web,completed
TS-0003185,71001921,210382,away,2026-03-17T06:31:00Z,child,3,140,app,completed
TS-0003186,71004471,210382,away,2026-02-13T17:27:00Z,student,1,250,web,completed
TS-0003187,71006341,210382,away,2026-02-07T06:00:00Z,adult,1,360,web,completed
TS-0003188,71004369,210382,away,2026-02-25T01:15:00Z,child,1,140,web,completed
TS-0003189,71004726,210382,away,2025-11-27T03:05:00Z,adult,1,360,web,completed
TS-0003190,71004828,210382,away,2026-01-16T20:44:00Z,adult,2,360,box_office,completed
TS-0003191,71000442,210382,away,2026-02-01T23:44:00Z,youth,1,200,web,completed
TS-0003192,71005083,210382,away,2026-03-17T12:57:00Z,child,1,140,app,completed
TS-0003193,71006120,210382,away,2026-01-20T00:25:00Z,child,2,140,web,completed
TS-0003194,71007004,210382,away,2025-11-30T22:19:00Z,adult,1,360,web,completed
TS-0003195,71000085,210382,away,2026-02-20T15:42:00Z,adult,3,360,web,completed
TS-0003196,71003808,210382,away,2026-03-12T20:13:00Z,adult,3,360,app,completed
TS-0003197,71001462,210382,away,2026-03-14T09:48:00Z,student,1,250,app,completed
TS-0003198,71002227,210382,away,2026-03-15T13:14:00Z,adult,1,360,web,completed
TS-0003199,71004505,210382,away,2026-03-16T16:05:00Z,adult,1,360,app,completed
TS-0003200,71006103,210382,away,2026-01-02T15:39:00Z,youth,1,200,app,completed
TS-0003201,71001428,210382,away,2025-12-13T03:29:00Z,youth,1,200,web,completed
TS-0003202,71002448,210382,away,2026-01-14T09:47:00Z,student,2,250,web,completed
TS-0003203,71003400,210382,away,2026-01-15T23:53:00Z,adult,1,360,app,completed
TS-0003204,71005491,210382,away,2025-12-30T00:19:00Z,youth,1,200,app,completed
TS-0003205,71002244,210382,away,2026-01-20T04:49:00Z,adult,1,360,app,completed
TS-0003206,71004777,210382,away,2026-01-09T13:29:00Z,adult,3,360,app,completed
TS-0003207,71004335,210382,away,2026-03-15T06:59:00Z,youth,1,200,app,completed
TS-0003208,71001938,210382,away,2025-12-31T13:10:00Z,student,3,250,web,completed
TS-0003209,71006715,210382,away,2026-01-04T02:30:00Z,youth,1,200,app,completed
TS-0003210,71006443,210382,away,2025-12-14T06:30:00Z,adult,1,360,web,completed
TS-0003211,71006919,210382,away,2026-02-18T05:19:00Z,adult,1,360,web,completed
TS-0003212,71003366,210382,away,2026-03-15T18:55:00Z,student,3,250,web,completed
TS-0003213,71004233,210382,away,2026-03-15T20:33:00Z,adult,1,360,app,completed
TS-0003214,71000204,210382,away,2026-01-30T01:48:00Z,child,3,140,app,completed
TS-0003215,71002550,210382,away,2026-03-14T23:35:00Z,adult,2,360,app,completed
TS-0003216,71003604,210382,away,2025-12-05T14:57:00Z,youth,2,200,web,completed
TS-0003217,71000986,210382,away,2026-01-08T19:47:00Z,student,1,250,app,completed
TS-0003218,71000544,210382,away,2025-11-25T02:31:00Z,adult,2,360,web,completed
TS-0003219,71004573,210382,away,2026-03-11T11:38:00Z,youth,2,200,web,completed
TS-0003220,71000017,210382,away,2025-12-08T00:40:00Z,adult,1,360,web,completed
TS-0003221,71001088,210382,away,2026-03-17T08:54:00Z,student,1,250,box_office,completed
TS-0003222,71004862,210382,away,2026-02-27T04:48:00Z,student,2,250,app,completed
TS-0003223,71005712,210382,away,2026-03-15T07:17:00Z,adult,1,360,web,completed
TS-0003224,71002380,210382,away,2026-03-04T16:34:00Z,youth,4,200,app,completed
TS-0003225,71001139,210382,away,2025-11-21T18:05:00Z,adult,1,360,web,completed
TS-0003226,71001768,210382,away,2026-01-01T21:35:00Z,child,1,140,app,completed
TS-0003227,71001105,210382,away,2026-01-31T07:13:00Z,adult,2,360,web,completed
TS-0003228,71004012,210382,away,2025-11-20T23:01:00Z,adult,1,360,app,completed
TS-0003229,71005423,210382,away,2026-01-10T13:30:00Z,adult,3,360,box_office,completed
TS-0003230,71003961,210382,away,2025-12-29T17:51:00Z,adult,1,360,app,completed
TS-0003231,71004998,210382,away,2026-03-15T23:11:00Z,adult,2,360,box_office,completed
TS-0003232,71000357,210382,away,2026-01-06T09:13:00Z,adult,4,360,web,completed
TS-0003233,71005916,210382,away,2026-02-16T08:40:00Z,adult,1,360,web,completed
TS-0003234,71006188,210382,away,2026-03-05T03:20:00Z,adult,1,360,web,completed
TS-0003235,71001989,210382,away,2026-01-27T02:48:00Z,adult,3,360,web,completed
TS-0003236,71006834,210382,away,2026-03-05T03:35:00Z,adult,1,360,web,completed
TS-0003237,71006664,210382,away,2026-02-02T20:04:00Z,adult,3,360,app,completed
TS-0003238,71003978,210382,away,2026-01-23T14:35:00Z,student,1,250,web,cancelled
TS-0003239,71002788,210382,away,2026-02-14T04:02:00Z,adult,2,360,web,completed
TS-0003240,71001309,210382,away,2026-03-14T11:14:00Z,youth,1,200,app,completed
TS-0003241,71007157,210382,away,2025-12-07T10:45:00Z,youth,1,200,web,completed
TS-0003242,71003536,210382,away,2026-03-15T22:17:00Z,child,1,140,web,completed
TS-0003243,71006545,210382,away,2026-02-23T07:49:00Z,adult,1,360,app,completed
TS-0003244,71006732,210382,away,2026-02-14T22:06:00Z,student,1,250,app,completed
TS-0003245,71002873,210382,away,2026-01-16T16:47:00Z,youth,1,200,web,completed
TS-0003246,71004301,210382,away,2026-03-15T04:50:00Z,adult,1,360,web,completed
TS-0003247,71003893,210382,away,2025-11-21T10:30:00Z,child,2,140,web,completed
TS-0003248,71001377,210382,away,2026-03-17T09:12:00Z,student,4,250,web,completed
TS-0003249,71004267,210382,away,2026-02-08T13:14:00Z,adult,1,360,box_office,completed
TS-0003250,71000510,210382,away,2026-02-16T02:19:00Z,youth,1,200,web,completed
TS-0003251,71003349,210382,away,2025-12-06T12:03:00Z,youth,1,200,web,completed
TS-0003252,71001700,210382,away,2025-12-21T05:21:00Z,adult,1,360,web,completed
TS-0003253,71000187,210382,away,2026-03-16T11:25:00Z,adult,1,360,app,completed
TS-0003254,71006579,210382,away,2025-12-08T06:51:00Z,student,1,250,web,completed
TS-0003255,71005474,210382,away,2025-12-11T13:15:00Z,youth,3,200,app,completed
TS-0003256,71000306,210382,away,2026-03-15T01:57:00Z,youth,4,200,web,completed
TS-0003257,71003689,210382,away,2026-01-18T14:28:00Z,adult,3,360,app,completed
TS-0003258,71006936,210382,away,2025-12-28T22:37:00Z,student,1,250,app,completed
TS-0003259,71001683,210382,away,2025-11-19T15:37:00Z,student,1,250,app,completed
TS-0003260,71001156,210382,away,2026-03-15T00:22:00Z,adult,2,360,app,completed
TS-0003261,71000697,210382,away,2026-03-15T21:51:00Z,student,1,250,app,completed
TS-0003262,71005202,210382,away,2025-12-19T02:06:00Z,adult,1,360,app,completed
TS-0003263,71004318,210382,away,2026-03-17T01:03:00Z,adult,1,360,web,completed
TS-0003264,71005593,210382,away,2026-03-15T02:09:00Z,adult,1,360,app,completed
TS-0003265,71006953,210382,away,2026-03-15T18:31:00Z,adult,3,360,web,completed
TS-0003266,71000833,210382,away,2025-12-05T16:50:00Z,youth,3,200,box_office,completed
TS-0003267,71002839,210382,away,2026-03-16T22:13:00Z,adult,3,360,box_office,completed
TS-0003268,71001479,210382,away,2025-12-19T22:16:00Z,youth,1,200,web,completed
TS-0003269,71001751,210382,away,2026-02-18T05:10:00Z,student,3,250,web,completed
TS-0003270,71002363,210382,away,2025-12-07T10:27:00Z,adult,4,360,web,cancelled
TS-0003271,71002142,210382,away,2025-12-14T15:24:00Z,adult,1,360,app,completed
TS-0003272,71005848,1442247121,away,2026-04-09T17:13:00Z,child,1,140,app,completed
TS-0003273,71006851,1442247121,away,2026-05-03T23:53:00Z,student,2,250,web,completed
TS-0003274,71005185,1442247121,away,2026-05-03T18:46:00Z,adult,1,360,app,completed
TS-0003275,71004454,1442247121,away,2026-04-06T20:14:00Z,child,1,140,web,completed
TS-0003276,71002363,1442247121,away,2026-07-28T00:30:00Z,adult,1,360,app,completed
TS-0003277,71003043,1442247121,away,2026-07-31T06:18:00Z,adult,2,360,web,completed
TS-0003278,71000697,1442247121,away,2026-05-01T02:50:00Z,adult,1,360,web,completed
TS-0003279,71000391,1442247121,away,2026-07-29T04:48:00Z,adult,2,360,web,completed
TS-0003280,71002771,1442247121,away,2026-07-23T07:36:00Z,adult,1,360,app,completed
TS-0003281,71002482,1442247121,away,2026-06-14T22:38:00Z,adult,1,360,app,completed
TS-0003282,71000782,1442247121,away,2026-05-01T10:51:00Z,youth,3,200,web,completed
TS-0003283,71005253,1442247121,away,2026-04-08T06:22:00Z,child,1,140,web,completed
TS-0003284,71004692,1442247121,away,2026-05-20T07:39:00Z,adult,2,360,web,cancelled
TS-0003285,71004811,1442247121,away,2026-07-17T02:45:00Z,youth,1,200,app,completed
TS-0003286,71005083,1442247121,away,2026-06-02T14:29:00Z,student,1,250,web,completed
TS-0003287,71004403,1442247121,away,2026-07-30T11:26:00Z,youth,1,200,app,completed
TS-0003288,71003672,1442247121,away,2026-06-29T02:33:00Z,adult,3,360,app,completed
TS-0003289,71003859,1442247121,away,2026-06-26T03:02:00Z,adult,1,360,app,cancelled
TS-0003290,71000136,1442247121,away,2026-06-22T14:29:00Z,adult,1,360,app,completed
TS-0003291,71006137,1442247121,away,2026-05-18T01:03:00Z,adult,2,360,web,completed
TS-0003292,71005015,1442247121,away,2026-07-30T23:36:00Z,adult,1,360,web,completed
TS-0003293,71004488,1442247121,away,2026-07-29T01:11:00Z,adult,2,360,app,completed
TS-0003294,71007055,1442247121,away,2026-05-12T14:22:00Z,student,2,250,app,completed
TS-0003295,71004573,1442247121,away,2026-08-04T01:11:00Z,adult,2,360,web,completed
TS-0003296,71002125,1442247121,away,2026-07-24T18:34:00Z,adult,1,360,app,completed
TS-0003297,71006477,1442247121,away,2026-08-04T08:19:00Z,adult,1,360,box_office,completed
TS-0003298,71006120,1442247121,away,2026-08-03T10:12:00Z,adult,3,360,web,completed
TS-0003299,71002618,1442247121,away,2026-08-02T17:19:00Z,youth,2,200,app,completed
TS-0003300,71006409,1442247121,away,2026-05-11T02:18:00Z,adult,3,360,web,completed
TS-0003301,71004097,1442247121,away,2026-08-03T10:29:00Z,adult,1,360,app,completed
TS-0003302,71001156,1442247121,away,2026-08-02T07:41:00Z,adult,1,360,web,completed
TS-0003303,71002822,1442247121,away,2026-04-17T20:23:00Z,student,1,250,app,completed
TS-0003304,71005729,1442247121,away,2026-06-26T15:34:00Z,student,1,250,app,completed
TS-0003305,71005270,1442247121,away,2026-07-22T14:50:00Z,youth,1,200,web,completed
TS-0003306,71003621,1442247121,away,2026-05-18T02:00:00Z,student,2,250,web,completed
TS-0003307,71002686,1442247121,away,2026-08-04T13:27:00Z,student,2,250,web,completed
TS-0003308,71005406,1442247121,away,2026-08-04T00:01:00Z,youth,3,200,app,completed
TS-0003309,71006647,1442247121,away,2026-05-01T01:28:00Z,adult,2,360,web,completed
TS-0003310,71006324,1442247121,away,2026-06-08T15:45:00Z,adult,1,360,box_office,completed
TS-0003311,71002890,1442247121,away,2026-06-15T12:57:00Z,student,1,250,web,completed
TS-0003312,71000000,1442247121,away,2026-06-30T21:33:00Z,youth,3,200,web,cancelled
TS-0003313,71001632,1442247121,away,2026-07-13T20:32:00Z,youth,1,200,app,completed
TS-0003314,71002295,1442247121,away,2026-05-21T09:52:00Z,adult,2,360,app,completed
TS-0003315,71002856,1442247121,away,2026-06-22T02:29:00Z,adult,2,360,web,completed
TS-0003316,71000374,1442247121,away,2026-08-02T03:26:00Z,youth,2,200,web,completed
TS-0003317,71001394,1442247121,away,2026-07-25T20:10:00Z,youth,2,200,app,completed
TS-0003318,71002057,1442247121,away,2026-08-03T02:57:00Z,adult,2,360,web,completed
TS-0003319,71000816,1442247121,away,2026-08-03T23:09:00Z,adult,1,360,app,completed
TS-0003320,71007140,1442247121,away,2026-06-29T16:03:00Z,adult,2,360,web,completed
TS-0003321,71000034,1442247121,away,2026-04-11T02:08:00Z,student,2,250,app,completed
TS-0003322,71001003,1442247121,away,2026-08-03T11:17:00Z,student,2,250,app,completed
TS-0003323,71004981,1442247121,away,2026-05-09T07:30:00Z,adult,1,360,app,completed
TS-0003324,71004165,1442247121,away,2026-07-16T11:16:00Z,adult,1,360,web,completed
TS-0003325,71001683,1442247121,away,2026-07-26T03:42:00Z,youth,3,200,app,completed
TS-0003326,71001020,1442247121,away,2026-05-01T05:09:00Z,student,2,250,web,completed
TS-0003327,71006698,1442247121,away,2026-08-04T05:15:00Z,adult,2,360,app,completed
TS-0003328,71002805,1442247121,away,2026-08-02T21:09:00Z,student,1,250,web,completed
TS-0003329,71000867,1442247121,away,2026-07-08T06:14:00Z,child,1,140,box_office,completed
TS-0003330,71004726,1442247121,away,2026-05-14T23:44:00Z,child,2,140,web,completed
TS-0003331,71002567,1442247121,away,2026-05-16T14:02:00Z,adult,2,360,web,completed
TS-0003332,71002142,1442247121,away,2026-04-23T16:02:00Z,adult,1,360,web,completed
TS-0003333,71004182,1442247121,away,2026-05-02T07:29:00Z,youth,3,200,web,refunded
TS-0003334,71005576,1442247121,away,2026-07-06T01:08:00Z,adult,2,360,app,completed
TS-0003335,71001581,1442247121,away,2026-08-03T18:24:00Z,adult,1,360,app,completed
TS-0003336,71005661,1442247121,away,2026-05-09T09:44:00Z,adult,3,360,app,completed
TS-0003337,71002703,1442247121,away,2026-08-02T14:13:00Z,adult,1,360,web,completed
TS-0003338,71005287,1442247121,away,2026-05-18T13:23:00Z,child,3,140,web,completed
TS-0003339,71003451,1442247121,away,2026-05-06T10:11:00Z,child,3,140,web,completed
TS-0003340,71000918,1442247121,away,2026-07-23T00:27:00Z,adult,1,360,app,completed
TS-0003341,71002788,1442247121,away,2026-07-15T21:58:00Z,adult,1,360,app,completed
TS-0003342,71006358,1442247121,away,2026-07-02T17:49:00Z,adult,2,360,app,completed
TS-0003343,71004641,1442247121,away,2026-08-02T00:25:00Z,youth,1,200,app,completed
TS-0003344,71001054,1442247121,away,2026-07-14T02:12:00Z,student,1,250,web,completed
TS-0003345,71003587,1442247121,away,2026-08-01T20:21:00Z,student,1,250,app,completed
TS-0003346,71001190,1442247121,away,2026-08-02T22:37:00Z,adult,2,360,web,completed
TS-0003347,71003179,1442247121,away,2026-07-17T12:50:00Z,adult,1,360,web,completed
TS-0003348,71000884,1442247121,away,2026-07-07T22:36:00Z,adult,1,360,box_office,completed
TS-0003349,71005780,1442247121,away,2026-07-21T06:04:00Z,adult,2,360,box_office,completed
TS-0003350,71000051,1442247121,away,2026-07-27T13:07:00Z,adult,2,360,app,completed
TS-0003351,71006528,1442247121,away,2026-07-11T16:28:00Z,child,3,140,web,completed
TS-0003352,71006664,1442247121,away,2026-05-02T08:04:00Z,adult,1,360,web,completed
TS-0003353,71006936,1442247121,away,2026-08-01T22:31:00Z,student,2,250,web,completed
TS-0003354,71006239,1442247121,away,2026-06-09T19:03:00Z,student,1,250,web,completed
TS-0003355,71004369,1442247121,away,2026-05-09T11:46:00Z,child,4,140,web,completed
TS-0003356,71000612,1442247121,away,2026-04-28T07:34:00Z,adult,1,360,box_office,completed
TS-0003357,71002227,1442247121,away,2026-05-11T20:55:00Z,student,2,250,app,refunded
TS-0003358,71003689,1442247121,away,2026-04-15T16:24:00Z,youth,3,200,web,completed
TS-0003359,71004879,1442247121,away,2026-07-17T04:02:00Z,youth,2,200,app,completed
TS-0003360,71005032,1442247121,away,2026-04-23T14:35:00Z,adult,1,360,web,completed
TS-0003361,71005423,1442247121,away,2026-07-05T05:59:00Z,student,1,250,app,completed
TS-0003362,71002210,1442247121,away,2026-08-02T08:24:00Z,youth,1,200,web,completed
TS-0003363,71002669,1442247121,away,2026-08-03T08:42:00Z,adult,1,360,app,completed
TS-0003364,71004624,1442247121,away,2026-05-13T20:58:00Z,student,4,250,app,completed
TS-0003365,71000153,1442247121,away,2026-07-31T23:45:00Z,child,1,140,web,completed
TS-0003366,71001343,1442247121,away,2026-08-01T22:56:00Z,adult,2,360,app,completed
TS-0003367,71001496,1442247121,away,2026-04-19T11:13:00Z,child,4,140,app,completed
TS-0003368,71002448,1442247121,away,2026-08-02T22:18:00Z,adult,4,360,web,completed
TS-0003369,71004029,1442247121,away,2026-07-20T10:41:00Z,youth,1,200,app,completed
TS-0003370,71001037,1442247121,away,2026-04-26T01:22:00Z,adult,2,360,box_office,completed
TS-0003371,71003978,1442247121,away,2026-05-18T12:02:00Z,adult,2,360,web,completed
TS-0003372,71005763,1442247121,away,2026-06-06T04:08:00Z,student,1,250,app,completed
TS-0003373,71006086,1442247121,away,2026-07-06T05:23:00Z,adult,2,360,box_office,completed
TS-0003374,71006562,1442247121,away,2026-05-21T12:09:00Z,adult,2,360,app,completed
TS-0003375,71006919,1442247121,away,2026-08-02T06:22:00Z,adult,2,360,app,refunded
TS-0003376,71006630,1442247121,away,2026-05-14T18:32:00Z,adult,3,360,web,completed
TS-0003377,71001717,1442247121,away,2026-04-18T15:08:00Z,student,1,250,app,completed
TS-0003378,71001785,1442247121,away,2026-08-03T08:15:00Z,student,2,250,box_office,completed
TS-0003379,71004556,1442247121,away,2026-08-03T20:06:00Z,adult,1,360,app,completed
TS-0003380,71000952,1442247121,away,2026-08-04T11:03:00Z,child,1,140,web,completed
TS-0003381,71000391,1866528531,home,2026-05-20T00:07:00Z,youth,1,240,web,completed
TS-0003382,71003366,1866528531,home,2026-06-08T23:15:00Z,student,4,290,web,completed
TS-0003383,71000799,1866528531,home,2026-08-09T02:38:00Z,adult,1,420,web,completed
TS-0003384,71005185,1866528531,home,2026-08-10T05:17:00Z,child,2,160,app,completed
TS-0003385,71003315,1866528531,home,2026-06-06T06:28:00Z,adult,1,420,app,completed
TS-0003386,71001122,1866528531,home,2026-08-03T04:16:00Z,youth,1,240,web,refunded
TS-0003387,71006324,1866528531,home,2026-05-10T17:05:00Z,youth,1,240,app,completed
TS-0003388,71006630,1866528531,home,2026-07-24T20:40:00Z,adult,3,420,app,completed
TS-0003389,71006732,1866528531,home,2026-08-09T08:16:00Z,adult,1,420,app,completed
TS-0003390,71000833,1866528531,home,2026-05-12T11:50:00Z,adult,1,420,box_office,refunded
TS-0003391,71000782,1866528531,home,2026-08-08T12:00:00Z,youth,2,240,web,completed
TS-0003392,71005695,1866528531,home,2026-06-24T02:29:00Z,adult,3,420,app,completed
TS-0003393,71003944,1866528531,home,2026-07-16T13:56:00Z,youth,1,240,web,completed
TS-0003394,71000935,1866528531,home,2026-07-31T16:27:00Z,student,1,290,web,completed
TS-0003395,71001309,1866528531,home,2026-06-20T17:15:00Z,adult,2,420,app,completed
TS-0003396,71000340,1866528531,home,2026-05-02T10:43:00Z,adult,1,420,web,completed
TS-0003397,71002822,1866528531,home,2026-08-11T06:50:00Z,adult,2,420,web,completed
TS-0003398,71004624,1866528531,home,2026-06-19T16:55:00Z,child,2,160,web,completed
TS-0003399,71004335,1866528531,home,2026-07-11T01:44:00Z,youth,2,240,web,completed
TS-0003400,71005848,1866528531,home,2026-08-10T00:56:00Z,adult,3,420,app,completed
TS-0003401,71003077,1866528531,home,2026-07-31T13:31:00Z,student,2,290,app,cancelled
TS-0003402,71001870,1866528531,home,2026-05-20T11:54:00Z,child,2,160,app,completed
TS-0003403,71001683,1866528531,home,2026-06-18T03:39:00Z,youth,2,240,web,completed
TS-0003404,71006154,1866528531,home,2026-07-09T08:34:00Z,adult,3,420,box_office,completed
TS-0003405,71000119,1866528531,home,2026-06-14T18:35:00Z,adult,1,420,web,completed
TS-0003406,71001326,1866528531,home,2026-06-28T15:47:00Z,adult,4,420,web,completed
TS-0003407,71005100,1866528531,home,2026-08-10T10:47:00Z,adult,1,420,web,completed
TS-0003408,71002533,1866528531,home,2026-06-21T17:22:00Z,youth,1,240,web,completed
TS-0003409,71006426,1866528531,home,2026-06-14T23:24:00Z,child,3,160,web,completed
TS-0003410,71006885,1866528531,home,2026-06-04T14:56:00Z,adult,2,420,web,completed
TS-0003411,71000068,1866528531,home,2026-08-10T11:51:00Z,youth,2,240,web,completed
TS-0003412,71005576,1866528531,home,2026-08-02T15:33:00Z,student,1,290,app,completed
TS-0003413,71005474,1866528531,home,2026-08-08T20:17:00Z,adult,2,420,app,completed
TS-0003414,71002261,1866528531,home,2026-07-08T13:20:00Z,child,3,160,box_office,completed
TS-0003415,71003332,1866528531,home,2026-05-04T20:26:00Z,adult,2,420,web,completed
TS-0003416,71003247,1866528531,home,2026-08-10T20:06:00Z,adult,1,420,web,completed
TS-0003417,71006256,1866528531,home,2026-04-26T02:45:00Z,youth,1,240,app,completed
TS-0003418,71000136,1866528531,home,2026-07-02T23:08:00Z,youth,3,240,web,completed
TS-0003419,71004148,1866528531,home,2026-08-09T10:51:00Z,adult,2,420,box_office,completed
TS-0003420,71005202,1866528531,home,2026-08-09T17:34:00Z,adult,3,420,app,completed
TS-0003421,71002873,1866528531,home,2026-08-05T11:35:00Z,student,1,290,app,completed
TS-0003422,71000867,1866528531,home,2026-07-27T15:05:00Z,child,1,160,web,completed
TS-0003423,71006715,1866528531,home,2026-07-08T12:53:00Z,youth,2,240,app,refunded
TS-0003424,71003893,1866528531,home,2026-08-10T02:21:00Z,adult,1,420,web,completed
TS-0003425,71001241,1866528531,home,2026-05-11T20:58:00Z,youth,2,240,app,completed
TS-0003426,71004743,1866528531,home,2026-08-09T21:21:00Z,adult,2,420,web,completed
TS-0003427,71001496,1866528531,home,2026-05-05T00:10:00Z,adult,2,420,app,completed
TS-0003428,71002669,1866528531,home,2026-06-14T01:27:00Z,student,1,290,app,completed
TS-0003429,71005525,1866528531,home,2026-08-08T21:45:00Z,adult,1,420,app,refunded
TS-0003430,71001394,1866528531,home,2026-08-09T14:31:00Z,adult,2,420,app,completed
TS-0003431,71000731,1866528531,home,2026-07-28T18:55:00Z,adult,1,420,app,completed
TS-0003432,71000272,1866528531,home,2026-07-11T18:42:00Z,student,4,290,app,completed
TS-0003433,71001071,1866528531,home,2026-08-09T22:25:00Z,adult,1,420,app,completed
TS-0003434,71000969,1866528531,home,2026-08-09T11:29:00Z,student,3,290,web,completed
TS-0003435,71003162,1866528531,home,2026-06-16T20:09:00Z,youth,2,240,web,completed
TS-0003436,71000578,1866528531,home,2026-06-14T13:05:00Z,adult,1,420,web,refunded
TS-0003437,71002499,1866528531,home,2026-08-10T18:33:00Z,adult,1,420,web,completed
TS-0003438,71001751,1866528531,home,2026-05-26T20:57:00Z,student,2,290,app,completed
TS-0003439,71001428,1866528531,home,2026-08-11T07:20:00Z,adult,1,420,app,completed
TS-0003440,71002771,1866528531,home,2026-06-19T18:43:00Z,adult,1,420,web,completed
TS-0003441,71003553,1866528531,home,2026-08-09T20:33:00Z,student,4,290,web,completed
TS-0003442,71003230,1866528531,home,2026-08-05T07:43:00Z,student,1,290,app,completed
TS-0003443,71003111,1866528531,home,2026-08-10T01:43:00Z,adult,2,420,web,completed
TS-0003444,71006035,1866528531,home,2026-07-05T16:08:00Z,youth,1,240,web,completed
TS-0003445,71000323,1866528531,home,2026-06-08T17:40:00Z,student,1,290,app,completed
TS-0003446,71003791,1866528531,home,2026-08-09T00:43:00Z,youth,1,240,web,completed
TS-0003447,71001836,1866528531,home,2026-05-14T17:53:00Z,student,1,290,web,completed
TS-0003448,71006494,1866528531,home,2026-05-01T04:52:00Z,student,2,290,app,completed
TS-0003449,71005627,1866528531,home,2026-05-14T01:41:00Z,adult,1,420,web,cancelled
TS-0003450,71000561,1866528531,home,2026-07-31T21:57:00Z,adult,1,420,web,completed
TS-0003451,71006970,1866528531,home,2026-07-06T18:13:00Z,youth,3,240,web,completed
TS-0003452,71005865,1866528531,home,2026-05-10T22:10:00Z,adult,3,420,app,completed
TS-0003453,71001258,1866528531,home,2026-08-09T02:05:00Z,child,2,160,app,completed
TS-0003454,71003145,1866528531,home,2026-08-10T01:10:00Z,adult,1,420,web,completed
TS-0003455,71006290,1866528531,home,2026-05-26T11:34:00Z,child,1,160,box_office,completed
TS-0003456,71002312,1866528531,home,2026-05-15T23:23:00Z,adult,1,420,web,completed
TS-0003457,71002737,1866528531,home,2026-08-08T19:26:00Z,child,2,160,app,completed
TS-0003458,71005117,1866528531,home,2026-05-03T11:11:00Z,adult,3,420,web,completed
TS-0003459,71003400,1866528531,home,2026-04-24T01:18:00Z,youth,1,240,app,completed
TS-0003460,71003842,1866528531,home,2026-08-09T14:48:00Z,adult,1,420,app,completed
TS-0003461,71002992,1866528531,home,2026-06-04T22:43:00Z,student,3,290,app,completed
TS-0003462,71006392,1866528531,home,2026-06-01T07:46:00Z,adult,1,420,web,completed
TS-0003463,71005882,1866528531,home,2026-07-07T00:18:00Z,youth,1,240,web,completed
TS-0003464,71002618,1866528531,home,2026-05-29T19:50:00Z,child,1,160,web,completed
TS-0003465,71005457,1866528531,home,2026-06-01T07:28:00Z,adult,1,420,app,completed
TS-0003466,71002686,1866528531,home,2026-05-22T09:06:00Z,adult,4,420,web,completed
TS-0003467,71002125,1866528531,home,2026-08-09T00:54:00Z,student,1,290,web,completed
TS-0003468,71003723,1866528531,home,2026-05-05T03:12:00Z,adult,2,420,web,completed
TS-0003469,71001207,1866528531,home,2026-08-09T09:14:00Z,student,2,290,app,completed
TS-0003470,71002754,1866528531,home,2026-05-07T05:12:00Z,child,2,160,box_office,completed
TS-0003471,71007038,1866528531,home,2026-05-24T21:10:00Z,adult,1,420,app,completed
TS-0003472,71006851,1866528531,home,2026-04-22T12:54:00Z,adult,1,420,app,completed
TS-0003473,71001972,1866528531,home,2026-05-23T00:04:00Z,child,1,160,app,completed
TS-0003474,71000544,1866528531,home,2026-05-15T13:14:00Z,student,2,290,web,completed
TS-0003475,71003383,1866528531,home,2026-04-23T04:46:00Z,adult,1,420,web,completed
TS-0003476,71003264,1866528531,home,2026-06-27T23:17:00Z,youth,4,240,web,completed
TS-0003477,71002040,1866528531,home,2026-05-10T13:27:00Z,child,2,160,app,completed
TS-0003478,71004760,1866528531,home,2026-05-06T11:18:00Z,child,3,160,web,completed
TS-0003479,71001785,1866528531,home,2026-08-01T10:19:00Z,student,1,290,web,completed
TS-0003480,71005899,1866528531,home,2026-07-23T05:30:00Z,adult,4,420,app,completed
TS-0003481,71003094,1866528531,home,2026-08-01T16:17:00Z,youth,2,240,web,completed
TS-0003482,71002567,1866528531,home,2026-07-30T04:12:00Z,adult,1,420,app,completed
TS-0003483,71006783,1866528531,home,2026-07-30T21:10:00Z,youth,2,240,web,completed
TS-0003484,71001445,1866528531,home,2026-06-27T08:58:00Z,adult,3,420,web,completed
TS-0003485,71001887,1866528531,home,2026-05-06T03:50:00Z,youth,2,240,app,completed
TS-0003486,71005049,1866528531,home,2026-08-04T20:47:00Z,student,1,290,web,completed
TS-0003487,71002159,1866528531,home,2026-04-16T19:28:00Z,youth,1,240,web,completed
TS-0003488,71003757,1866528531,home,2026-07-23T23:23:00Z,adult,2,420,box_office,completed
TS-0003489,71005780,1866528531,home,2026-08-10T14:49:00Z,child,1,160,box_office,completed
TS-0003490,71001105,1866528531,home,2026-04-28T06:22:00Z,student,1,290,web,refunded
TS-0003491,71002652,1866528531,home,2026-06-28T17:43:00Z,adult,1,420,web,refunded
TS-0003492,71004505,1866528531,home,2026-08-09T05:04:00Z,youth,2,240,app,completed
TS-0003493,71003451,1866528531,home,2026-08-08T06:21:00Z,adult,4,420,web,cancelled
TS-0003494,71003502,1866528531,home,2026-04-30T02:32:00Z,adult,1,420,box_office,completed
TS-0003495,71001819,1866528531,home,2026-06-02T14:08:00Z,youth,2,240,web,completed
TS-0003496,71003026,1866528531,home,2026-07-19T01:09:00Z,youth,3,240,app,completed
TS-0003497,71000748,1866528531,home,2026-08-09T19:11:00Z,adult,3,420,web,completed
TS-0003498,71004165,1866528531,home,2026-08-08T09:10:00Z,adult,1,420,app,completed
TS-0003499,71003638,1866528531,home,2026-08-07T07:56:00Z,youth,2,240,web,completed
TS-0003500,71001547,1866528531,home,2026-05-22T10:17:00Z,adult,1,420,web,completed
TS-0003501,71006477,1866528531,home,2026-05-18T19:28:00Z,youth,2,240,box_office,refunded
TS-0003502,71004250,1866528531,home,2026-06-19T17:29:00Z,student,4,290,app,completed
TS-0003503,71004947,1866528531,home,2026-05-26T23:44:00Z,adult,1,420,web,completed
TS-0003504,71005729,1866528531,home,2026-08-11T04:04:00Z,adult,3,420,web,completed
TS-0003505,71006800,1866528531,home,2026-08-10T02:03:00Z,adult,1,420,app,completed
TS-0003506,71002839,1866528531,home,2026-06-18T02:19:00Z,adult,2,420,web,completed
TS-0003507,71001802,1866528531,home,2026-08-11T01:56:00Z,adult,4,420,web,completed
TS-0003508,71001564,1866528531,home,2026-08-09T23:42:00Z,adult,1,420,web,completed
TS-0003509,71004488,1866528531,home,2026-08-11T05:48:00Z,adult,1,420,app,completed
TS-0003510,71000850,1866528531,home,2026-04-18T13:19:00Z,youth,3,240,web,completed
TS-0003511,71001513,1866528531,home,2026-08-02T10:29:00Z,adult,2,420,web,completed
TS-0003512,71000357,1866528531,home,2026-06-02T19:08:00Z,student,4,290,web,completed
TS-0003513,71006307,1866528531,home,2026-08-10T12:38:00Z,youth,3,240,app,refunded
TS-0003514,71005423,1866528531,home,2026-07-05T15:08:00Z,student,2,290,web,completed
TS-0003515,71006511,1866528531,home,2026-07-11T22:26:00Z,adult,1,420,web,completed
TS-0003516,71000918,1866528531,home,2026-08-09T19:48:00Z,youth,2,240,web,completed
TS-0003517,71004420,1866528531,home,2026-08-05T05:09:00Z,adult,1,420,web,completed
TS-0003518,71004063,1866528531,home,2026-08-10T08:27:00Z,child,1,160,web,completed
TS-0003519,71000374,1866528531,home,2026-05-14T17:59:00Z,child,2,160,web,completed
TS-0003520,71005134,1866528531,home,2026-05-03T08:45:00Z,youth,2,240,box_office,completed
TS-0003521,71006647,1866528531,home,2026-04-28T01:31:00Z,student,1,290,web,completed
TS-0003522,71001700,1866528531,home,2026-08-10T03:51:00Z,adult,1,420,app,completed
TS-0003523,71004726,1866528531,home,2026-04-18T07:31:00Z,adult,3,420,app,completed
TS-0003524,71003485,1866528531,home,2026-04-20T03:30:00Z,child,1,160,app,completed
TS-0003525,71004437,1866528531,home,2026-05-26T01:13:00Z,adult,3,420,web,completed
TS-0003526,71006358,1866528531,home,2026-06-12T16:04:00Z,student,1,290,box_office,completed
TS-0003527,71002584,1866528531,home,2026-05-30T19:45:00Z,youth,1,240,app,cancelled
TS-0003528,71005797,1866528531,home,2026-08-08T17:48:00Z,student,1,290,app,completed
TS-0003529,71003298,1866528531,home,2026-06-07T22:19:00Z,adult,3,420,box_office,completed
TS-0003530,71003621,1866528531,home,2026-07-31T14:41:00Z,adult,2,420,box_office,completed
TS-0003531,71002958,1866528531,home,2026-07-18T11:12:00Z,adult,1,420,web,completed
TS-0003532,71004641,1866528531,home,2026-05-30T03:54:00Z,youth,2,240,app,completed
TS-0003533,71003961,1866528531,home,2026-06-12T03:33:00Z,child,1,160,app,completed
TS-0003534,71004301,1866528531,home,2026-08-09T18:13:00Z,adult,2,420,web,completed
TS-0003535,71002448,1866528531,home,2026-06-09T02:57:00Z,student,1,290,app,completed
TS-0003536,71005950,1866528531,home,2026-08-05T17:12:00Z,adult,1,420,web,completed
TS-0003537,71004233,1866528531,home,2026-05-17T00:12:00Z,adult,3,420,web,completed
TS-0003538,71000102,1866528531,home,2026-05-24T22:07:00Z,youth,2,240,web,completed
TS-0003539,71002907,1866528531,home,2026-08-08T16:20:00Z,youth,3,240,app,completed
TS-0003540,71005032,1866528531,home,2026-04-28T14:40:00Z,student,2,290,box_office,completed
TS-0003541,71002975,1866528531,home,2026-08-09T21:53:00Z,child,1,160,app,completed
TS-0003542,71000646,1866528531,home,2026-08-11T07:55:00Z,child,2,160,app,completed
TS-0003543,71002006,1866528531,home,2026-08-09T19:35:00Z,student,2,290,web,completed
TS-0003544,71005270,1866528531,home,2026-08-10T04:32:00Z,youth,1,240,web,cancelled
TS-0003545,71000255,1866528531,home,2026-08-10T16:30:00Z,adult,2,420,web,completed
TS-0003546,71000697,1866528531,home,2026-07-29T20:26:00Z,child,1,160,web,completed
TS-0003547,71001003,1866528531,home,2026-07-01T22:08:00Z,student,2,290,app,completed
TS-0003548,71006171,1866528531,home,2026-06-24T02:08:00Z,child,3,160,app,completed
TS-0003549,71007072,1866528531,home,2026-08-09T01:48:00Z,adult,1,420,web,completed
TS-0003550,71004097,1866528531,home,2026-08-08T22:27:00Z,student,1,290,box_office,completed
TS-0003551,71006120,1866528531,home,2026-07-16T09:17:00Z,student,1,290,web,completed
TS-0003552,71006749,1866528531,home,2026-04-22T03:14:00Z,adult,2,420,app,completed
TS-0003553,71004607,1866528531,home,2026-05-17T04:33:00Z,youth,2,240,box_office,completed
TS-0003554,71001275,1866528531,home,2026-04-22T11:47:00Z,youth,1,240,app,cancelled
TS-0003555,71001530,1866528531,home,2026-07-28T06:30:00Z,youth,1,240,web,completed
TS-0003556,71003672,1866528531,home,2026-04-30T03:17:00Z,adult,3,420,app,completed
TS-0003557,71004964,1866528531,home,2026-06-24T14:25:00Z,adult,2,420,web,completed
TS-0003558,71004012,1866528531,home,2026-05-30T01:56:00Z,youth,2,240,web,completed
TS-0003559,71004998,1866528531,home,2026-08-11T12:34:00Z,adult,1,420,web,completed
TS-0003560,71003349,1866528531,home,2026-08-08T23:28:00Z,student,2,290,web,completed
TS-0003561,71006545,1866528531,home,2026-08-10T05:47:00Z,adult,2,420,web,completed
TS-0003562,71003281,1866528531,home,2026-05-01T15:25:00Z,adult,2,420,app,completed
TS-0003563,71006103,1866528531,home,2026-05-03T05:32:00Z,student,4,290,web,completed
TS-0003564,71007089,1866528531,home,2026-08-11T07:58:00Z,student,1,290,app,completed
TS-0003565,71003587,1866528531,home,2026-07-19T03:03:00Z,child,3,160,web,completed
TS-0003566,71001598,1866528531,home,2026-07-23T11:30:00Z,youth,1,240,web,completed
TS-0003567,71006613,1866528531,home,2026-06-03T03:19:00Z,adult,3,420,web,completed
TS-0003568,71002193,1866528531,home,2026-06-19T21:43:00Z,youth,1,240,app,completed
TS-0003569,71000000,1866528531,home,2026-06-08T12:07:00Z,adult,3,420,app,completed
TS-0003570,71006409,1866528531,home,2026-08-09T10:42:00Z,student,2,290,web,completed
TS-0003571,71000680,1866528531,home,2026-08-10T16:37:00Z,youth,1,240,web,completed
TS-0003572,71003808,1866528531,home,2026-04-30T05:32:00Z,adult,2,420,app,completed
TS-0003573,71006188,1866528531,home,2026-08-08T18:57:00Z,adult,2,420,app,completed
TS-0003574,71001360,1866528531,home,2026-07-15T06:30:00Z,adult,1,420,web,completed
TS-0003575,71002057,1866528531,home,2026-08-02T00:27:00Z,child,2,160,web,completed
TS-0003576,71000612,1866528531,home,2026-04-13T21:18:00Z,adult,1,420,app,completed
TS-0003577,71002805,1866528531,home,2026-08-11T00:42:00Z,adult,1,420,web,cancelled
TS-0003578,71000714,1866528531,home,2026-06-05T09:29:00Z,youth,1,240,web,completed
TS-0003579,71005593,1866528531,home,2026-04-28T10:27:00Z,adult,2,420,web,completed
TS-0003580,71006681,1866528531,home,2026-07-28T01:59:00Z,adult,2,420,app,completed
TS-0003581,71002397,1866528531,home,2026-05-08T15:48:00Z,student,1,290,app,completed
TS-0003582,71006919,1866528531,home,2026-05-10T04:17:00Z,youth,2,240,web,completed
TS-0003583,71000034,1866528531,home,2026-08-06T16:47:00Z,adult,2,420,web,completed
TS-0003584,71000408,1866528531,home,2026-08-05T01:14:00Z,adult,2,420,app,cancelled
TS-0003585,71003060,1866528531,home,2026-05-18T12:50:00Z,student,3,290,web,completed
TS-0003586,71007140,1866528531,home,2026-07-08T04:30:00Z,adult,1,420,app,completed
TS-0003587,71006069,1866528531,home,2026-08-11T08:41:00Z,student,1,290,app,completed
TS-0003588,71002023,1866528531,home,2026-08-02T00:21:00Z,adult,1,420,web,completed
TS-0003589,71005440,1866528531,home,2026-06-17T03:00:00Z,adult,1,420,app,completed
TS-0003590,71001581,1866528531,home,2026-07-08T23:55:00Z,student,1,290,web,completed
TS-0003591,71003876,1866528531,home,2026-07-31T04:22:00Z,youth,1,240,app,completed
TS-0003592,71004709,1866528531,home,2026-07-09T11:51:00Z,adult,1,420,web,completed
TS-0003593,71003043,1866528531,home,2026-05-01T20:07:00Z,youth,1,240,web,refunded
TS-0003594,71002244,1866528531,home,2026-05-07T23:15:00Z,adult,2,420,web,completed
TS-0003595,71005219,1866528531,home,2026-06-19T09:05:00Z,adult,3,420,app,completed
TS-0003596,71003927,1866528531,home,2026-08-09T19:48:00Z,adult,3,420,web,refunded
TS-0003597,71007004,1866528531,home,2026-04-27T09:58:00Z,adult,1,420,app,completed
TS-0003598,71001411,1866528531,home,2026-06-13T07:04:00Z,student,3,290,web,completed
TS-0003599,71005355,1866528531,home,2026-08-08T13:38:00Z,adult,1,420,web,completed
TS-0003600,71000493,1866528531,home,2026-08-11T02:54:00Z,adult,1,420,app,completed
TS-0003601,71005151,1866528531,home,2026-06-10T12:06:00Z,adult,1,420,app,completed
TS-0003602,71003128,1866528531,home,2026-08-10T15:46:00Z,youth,1,240,web,completed
TS-0003603,71004182,1866528531,home,2026-05-31T17:05:00Z,adult,2,420,web,completed
TS-0003604,71001462,1866528531,home,2026-06-29T08:24:00Z,adult,2,420,web,cancelled
TS-0003605,71004913,1866528531,home,2026-08-09T12:38:00Z,child,1,160,app,completed
TS-0003606,71004522,1866528531,home,2026-06-02T18:45:00Z,adult,1,420,web,completed
TS-0003607,71007021,1866528531,home,2026-05-27T18:31:00Z,student,1,290,web,completed
TS-0003608,71007157,1866528531,home,2026-07-21T18:33:00Z,student,2,290,app,completed
TS-0003609,71000170,1866528531,home,2026-07-23T20:49:00Z,adult,1,420,app,completed
TS-0003610,71001734,1866528531,home,2026-07-01T20:14:00Z,youth,1,240,web,completed
TS-0003611,71007191,1866528531,home,2026-08-11T11:23:00Z,child,1,160,web,cancelled
TS-0003612,71001717,1866528531,home,2026-06-25T13:20:00Z,student,4,290,web,completed
TS-0003613,71004573,1866528531,home,2026-06-04T20:44:00Z,youth,3,240,app,completed
TS-0003614,71001224,1866528531,home,2026-04-18T05:35:00Z,student,2,290,app,completed
TS-0003615,71002295,1866528531,home,2026-05-14T10:19:00Z,adult,1,420,web,completed
TS-0003616,71006528,1866528531,home,2026-07-05T06:56:00Z,student,1,290,app,completed
TS-0003617,71000289,1866528531,home,2026-04-23T10:09:00Z,adult,1,420,app,completed
TS-0003618,71005610,1866528531,home,2026-04-17T22:17:00Z,adult,1,420,app,completed
TS-0003619,71002227,1866528531,home,2026-07-24T22:48:00Z,youth,1,240,app,completed
TS-0003620,71007174,1866528531,home,2026-06-24T22:35:00Z,adult,1,420,web,completed
TS-0003621,71000459,1866528531,home,2026-08-09T00:28:00Z,student,1,290,app,completed
TS-0003622,71004267,1866528531,home,2026-06-16T22:30:00Z,student,3,290,web,completed
TS-0003623,71000952,1866528531,home,2026-04-21T06:24:00Z,adult,1,420,web,completed
TS-0003624,71003009,1866528531,home,2026-04-17T22:06:00Z,adult,2,420,app,completed
TS-0003625,71002142,1866528531,home,2026-05-03T03:44:00Z,student,2,290,web,completed
TS-0003626,71002414,1866528531,home,2026-08-11T02:58:00Z,adult,1,420,app,completed
TS-0003627,71004692,1866528531,home,2026-07-02T22:35:00Z,adult,2,420,app,completed
TS-0003628,71006443,1866528531,home,2026-04-30T13:02:00Z,youth,1,240,web,completed
TS-0003629,71002516,1866528531,home,2026-08-11T03:02:00Z,adult,1,420,web,completed
TS-0003630,71002278,1866528531,home,2026-04-25T21:56:00Z,adult,1,420,web,completed
TS-0003631,71003196,1866528531,home,2026-05-12T23:48:00Z,youth,1,240,app,completed
TS-0003632,71006834,1866528531,home,2026-05-11T04:30:00Z,adult,1,420,app,completed
TS-0003633,71005372,1866528531,home,2026-08-10T02:28:00Z,adult,1,420,web,completed
TS-0003634,71004811,1866528531,home,2026-07-07T05:53:00Z,adult,1,420,app,completed
TS-0003635,71005287,1866528531,home,2026-08-09T10:49:00Z,adult,1,420,web,completed
TS-0003636,71006953,1866528531,home,2026-08-11T06:26:00Z,adult,1,420,app,completed
TS-0003637,71001156,1866528531,home,2026-08-11T01:06:00Z,youth,1,240,app,completed
TS-0003638,71004981,1866528531,home,2026-08-09T15:53:00Z,adult,1,420,app,refunded
TS-0003639,71005168,1866528531,home,2026-08-10T21:44:00Z,adult,2,420,app,completed
TS-0003640,71003978,1866528531,home,2026-07-01T17:45:00Z,adult,1,420,app,cancelled
TS-0003641,71000221,1866528531,home,2026-08-10T14:50:00Z,youth,1,240,app,completed
TS-0003642,71004845,1866528531,home,2026-05-25T15:17:00Z,adult,2,420,app,completed
TS-0003643,71004590,1866528531,home,2026-08-10T21:35:00Z,student,2,290,web,completed
TS-0003644,71004403,1866528531,home,2026-08-08T19:18:00Z,adult,2,420,web,completed
TS-0003645,71002890,1866528531,home,2026-04-21T07:41:00Z,adult,3,420,web,completed
TS-0003646,71006086,1866528531,home,2026-08-05T03:14:00Z,adult,3,420,web,completed
TS-0003647,71007106,1866528531,home,2026-08-09T19:18:00Z,adult,3,420,web,completed
TS-0003648,71004352,1866528531,home,2026-06-25T00:45:00Z,adult,1,420,app,completed
TS-0003649,71002703,1866528531,home,2026-04-29T18:27:00Z,adult,3,420,web,completed
TS-0003650,71004080,1866528531,home,2026-05-09T14:13:00Z,adult,1,420,app,completed
TS-0003651,71006817,1866528531,home,2026-06-07T13:27:00Z,adult,1,420,app,completed
TS-0003652,71000238,1866528531,home,2026-06-07T10:53:00Z,adult,2,420,web,completed
TS-0003653,71006579,1866528531,home,2026-06-06T16:33:00Z,youth,2,240,web,completed
TS-0003654,71003689,1866528531,home,2026-05-21T20:22:00Z,student,1,290,app,completed
TS-0003655,71000527,1866528531,home,2026-05-30T05:33:00Z,child,3,160,app,completed
TS-0003656,71004029,1866528531,home,2026-06-19T23:49:00Z,adult,3,420,web,completed
TS-0003657,71002091,1866528531,home,2026-07-26T10:00:00Z,adult,2,420,app,completed
TS-0003658,71000442,1866528531,home,2026-06-02T09:17:00Z,student,3,290,web,refunded
TS-0003659,71002601,1866528531,home,2026-08-10T21:48:00Z,adult,2,420,web,completed
TS-0003660,71006222,1866528531,home,2026-08-11T00:37:00Z,student,1,290,app,completed
TS-0003661,71005644,1866528531,home,2026-05-13T13:48:00Z,adult,2,420,app,completed
TS-0003662,71005304,1866528531,home,2026-06-11T13:18:00Z,adult,2,420,web,completed
TS-0003663,71005083,1866528531,home,2026-05-17T02:53:00Z,child,3,160,app,completed
TS-0003664,71006851,2079863826,away,2026-06-19T13:18:00Z,adult,1,360,web,completed
TS-0003665,71000170,2079863826,away,2026-05-17T06:33:00Z,youth,1,200,web,completed
TS-0003666,71004182,2079863826,away,2026-08-18T16:02:00Z,adult,1,360,app,completed
TS-0003667,71000442,2079863826,away,2026-07-19T06:57:00Z,child,1,140,web,completed
TS-0003668,71000680,2079863826,away,2026-06-21T23:44:00Z,adult,2,360,web,completed
TS-0003669,71003332,2079863826,away,2026-07-16T14:54:00Z,child,2,140,web,completed
TS-0003670,71000748,2079863826,away,2026-05-22T13:31:00Z,adult,1,360,app,completed
TS-0003671,71002108,2079863826,away,2026-08-19T12:30:00Z,youth,1,200,web,completed
TS-0003672,71002210,2079863826,away,2026-08-18T09:25:00Z,youth,2,200,box_office,completed
TS-0003673,71004301,2079863826,away,2026-07-23T08:16:00Z,adult,1,360,web,completed
TS-0003674,71004573,2079863826,away,2026-07-07T16:24:00Z,adult,1,360,app,completed
TS-0003675,71006001,2079863826,away,2026-08-18T08:59:00Z,adult,1,360,app,completed
TS-0003676,71002176,2079863826,away,2026-07-13T19:29:00Z,adult,1,360,box_office,completed
TS-0003677,71000799,2079863826,away,2026-08-04T22:55:00Z,student,1,250,app,completed
TS-0003678,71003808,2079863826,away,2026-06-02T22:21:00Z,adult,1,360,app,cancelled
TS-0003679,71001785,2079863826,away,2026-07-12T18:27:00Z,student,2,250,web,completed
TS-0003680,71006868,2079863826,away,2026-07-03T10:47:00Z,adult,2,360,app,completed
TS-0003681,71003111,2079863826,away,2026-06-21T23:07:00Z,adult,4,360,app,completed
TS-0003682,71001530,2079863826,away,2026-06-03T06:52:00Z,adult,1,360,app,completed
TS-0003683,71000476,2079863826,away,2026-05-08T13:55:00Z,adult,1,360,web,completed
TS-0003684,71003893,2079863826,away,2026-08-16T18:49:00Z,child,2,140,web,refunded
TS-0003685,71003825,2079863826,away,2026-06-14T14:16:00Z,adult,2,360,web,completed
TS-0003686,71004845,2079863826,away,2026-08-19T11:34:00Z,adult,3,360,web,completed
TS-0003687,71005117,2079863826,away,2026-05-23T02:31:00Z,adult,2,360,web,completed
TS-0003688,71006919,2079863826,away,2026-08-19T08:33:00Z,youth,2,200,app,completed
TS-0003689,71002516,2079863826,away,2026-08-18T16:55:00Z,adult,1,360,app,completed
TS-0003690,71003536,2079863826,away,2026-08-17T17:51:00Z,youth,4,200,web,completed
TS-0003691,71001122,2079863826,away,2026-08-03T06:53:00Z,adult,3,360,box_office,completed
TS-0003692,71000935,2079863826,away,2026-04-29T21:54:00Z,child,1,140,app,completed
TS-0003693,71001292,2079863826,away,2026-06-20T08:48:00Z,youth,1,200,web,completed
TS-0003694,71003774,2079863826,away,2026-05-02T06:20:00Z,adult,1,360,web,completed
TS-0003695,71002482,2079863826,away,2026-07-17T16:00:00Z,adult,2,360,web,completed
TS-0003696,71005355,2079863826,away,2026-05-28T11:42:00Z,adult,1,360,web,completed
TS-0003697,71002193,2079863826,away,2026-05-24T10:46:00Z,student,1,250,app,completed
TS-0003698,71001870,2079863826,away,2026-07-02T08:38:00Z,adult,2,360,app,completed
TS-0003699,71006409,2079863826,away,2026-07-22T11:04:00Z,adult,1,360,web,completed
TS-0003700,71001751,2079863826,away,2026-04-29T16:08:00Z,adult,4,360,app,completed
TS-0003701,71001547,2079863826,away,2026-07-08T16:42:00Z,adult,1,360,app,completed
TS-0003702,71006511,2079863826,away,2026-06-01T04:20:00Z,adult,2,360,web,completed
TS-0003703,71005457,2079863826,away,2026-08-19T01:03:00Z,adult,1,360,web,completed
TS-0003704,71006307,2079863826,away,2026-08-16T23:09:00Z,adult,2,360,app,completed
TS-0003705,71002805,2079863826,away,2026-08-17T06:17:00Z,adult,2,360,app,completed
TS-0003706,71002924,2079863826,away,2026-05-07T00:40:00Z,adult,2,360,web,completed
TS-0003707,71004148,2079863826,away,2026-04-23T19:52:00Z,adult,1,360,app,completed
TS-0003708,71005746,2079863826,away,2026-08-11T14:51:00Z,adult,2,360,app,completed
TS-0003709,71006647,2079863826,away,2026-08-16T23:35:00Z,adult,2,360,app,completed
TS-0003710,71003485,2079863826,away,2026-06-29T11:00:00Z,adult,1,360,app,completed
TS-0003711,71004879,2079863826,away,2026-07-11T22:15:00Z,adult,1,360,app,completed
TS-0003712,71004760,2079863826,away,2026-08-14T18:01:00Z,youth,1,200,app,completed
TS-0003713,71000765,2079863826,away,2026-05-15T20:26:00Z,adult,2,360,web,completed
TS-0003714,71003060,2079863826,away,2026-06-15T01:05:00Z,adult,1,360,web,refunded
TS-0003715,71006256,2079863826,away,2026-08-19T00:56:00Z,adult,1,360,app,completed
TS-0003716,71000000,2079863826,away,2026-06-27T16:51:00Z,adult,1,360,web,completed
TS-0003717,71005916,2079863826,away,2026-08-18T06:12:00Z,student,2,250,app,completed
TS-0003718,71006630,2079863826,away,2026-07-18T06:56:00Z,adult,1,360,app,completed
TS-0003719,71002720,2079863826,away,2026-08-18T16:46:00Z,student,1,250,app,refunded
TS-0003720,71005185,2079863826,away,2026-06-01T15:27:00Z,adult,2,360,web,completed
TS-0003721,71006273,2079863826,away,2026-06-18T15:33:00Z,adult,2,360,app,completed
TS-0003722,71002499,2079863826,away,2026-06-24T18:19:00Z,adult,1,360,web,completed
TS-0003723,71006171,2079863826,away,2026-06-09T03:15:00Z,youth,2,200,app,completed
TS-0003724,71000833,2079863826,away,2026-08-19T05:17:00Z,youth,2,200,box_office,completed
TS-0003725,71001666,2079863826,away,2026-08-17T07:03:00Z,student,1,250,web,completed
TS-0003726,71001921,2079863826,away,2026-05-27T08:14:00Z,student,1,250,app,completed
TS-0003727,71000816,2079863826,away,2026-08-09T13:44:00Z,adult,1,360,web,completed
TS-0003728,71000595,2079863826,away,2026-07-30T16:08:00Z,adult,2,360,app,completed
TS-0003729,71003910,2079863826,away,2026-06-30T18:46:00Z,child,2,140,web,completed
TS-0003730,71000017,2079863826,away,2026-06-29T03:42:00Z,adult,1,360,web,completed
TS-0003731,71002295,2079863826,away,2026-08-18T19:38:00Z,youth,2,200,app,completed
TS-0003732,71005372,2079863826,away,2026-05-28T04:49:00Z,student,1,250,app,completed
TS-0003733,71002329,2079863826,away,2026-07-18T06:03:00Z,adult,3,360,app,completed
TS-0003734,71006035,2079863826,away,2026-07-18T21:45:00Z,youth,1,200,web,completed
TS-0003735,71002261,2079863826,away,2026-08-18T17:04:00Z,adult,2,360,app,completed
TS-0003736,71000221,2079863826,away,2026-08-19T14:47:00Z,youth,2,200,app,completed
TS-0003737,71000340,2079863826,away,2026-05-01T03:02:00Z,student,2,250,app,completed
TS-0003738,71003740,2079863826,away,2026-08-16T19:23:00Z,student,2,250,web,completed
TS-0003739,71000901,2079863826,away,2026-05-06T20:53:00Z,adult,1,360,app,completed
TS-0003740,71005219,2079863826,away,2026-05-09T18:29:00Z,youth,1,200,web,completed
TS-0003741,71000306,2079863826,away,2026-06-29T08:59:00Z,adult,1,360,web,completed
TS-0003742,71006375,2079863826,away,2026-07-26T07:26:00Z,adult,1,360,app,refunded
TS-0003743,71006885,2079863826,away,2026-04-28T10:54:00Z,adult,4,360,app,completed
TS-0003744,71002822,2079863826,away,2026-06-28T14:55:00Z,adult,2,360,app,completed
TS-0003745,71000051,2079863826,away,2026-05-24T12:41:00Z,student,2,250,app,completed
TS-0003746,71004386,2079863826,away,2026-08-15T22:31:00Z,adult,1,360,box_office,completed
TS-0003747,71005406,2079863826,away,2026-06-02T14:58:00Z,child,2,140,web,completed
TS-0003748,71003723,2079863826,away,2026-07-14T19:36:00Z,student,1,250,app,completed
TS-0003749,71004930,2079863826,away,2026-05-26T01:08:00Z,child,2,140,app,completed
TS-0003750,71007021,2079863826,away,2026-07-27T22:56:00Z,adult,1,360,web,completed
TS-0003751,71002380,2079863826,away,2026-08-17T23:19:00Z,student,3,250,box_office,completed
TS-0003752,71004420,2079863826,away,2026-08-19T15:22:00Z,adult,1,360,box_office,cancelled
TS-0003753,71003876,2079863826,away,2026-06-25T02:38:00Z,adult,2,360,web,completed
TS-0003754,71000272,2079863826,away,2026-08-16T16:40:00Z,student,3,250,app,completed
TS-0003755,71006290,2079863826,away,2026-08-19T00:06:00Z,student,2,250,web,completed
TS-0003756,71001615,2079863826,away,2026-08-18T00:10:00Z,adult,2,360,web,completed
TS-0003757,71004454,2079863826,away,2026-05-10T23:25:00Z,adult,2,360,app,completed
TS-0003758,71004284,2079863826,away,2026-05-30T07:57:00Z,youth,1,200,app,completed
TS-0003759,71001683,2079863826,away,2026-06-18T07:14:00Z,adult,2,360,web,completed
TS-0003760,71004981,2079863826,away,2026-07-26T11:31:00Z,adult,1,360,app,completed
TS-0003761,71000119,2079863826,away,2026-08-19T03:06:00Z,student,2,250,web,completed
TS-0003762,71000085,2079863826,away,2026-07-24T23:16:00Z,youth,3,200,web,completed
TS-0003763,71006341,2079863826,away,2026-06-18T12:04:00Z,youth,1,200,web,completed
TS-0003764,71000425,2079863826,away,2026-08-17T13:51:00Z,child,2,140,app,completed
TS-0003765,71003995,2079863826,away,2026-08-13T12:07:00Z,adult,1,360,app,completed
TS-0003766,71005389,2079863826,away,2026-08-18T03:51:00Z,adult,1,360,web,completed
TS-0003767,71001360,2079863826,away,2026-06-16T01:40:00Z,adult,1,360,app,completed
TS-0003768,71005253,2079863826,away,2026-07-14T07:34:00Z,adult,1,360,box_office,completed
TS-0003769,71002686,2079863826,away,2026-04-24T09:05:00Z,adult,2,360,web,completed
TS-0003770,71005423,2079863826,away,2026-04-25T02:37:00Z,adult,2,360,web,completed
TS-0003771,71002907,2079863826,away,2026-07-12T07:54:00Z,youth,1,200,app,completed
